弹幕出现时间,弹幕格式,弹幕字体,弹幕颜色,弹幕时间戳,弹幕池,用户ID,rowID,未知信息,弹幕信息,分词结果
193.70700,1,25,16777215,Sun Feb 19 11:27:57 2023,0,610aaa17,1255657828790916608	,10,高启强之所以没有被奉为偶像，是因为还是没有做大做强，没有成功洗白自己的产业,高启 强 奉 偶像 ， 是因为 做 大 做 强 ， 成功 洗白 产业
728.81000,5,25,15138834,Wed Feb 22 22:58:09 2023,0,98272d1b,1258179539323298816	,10,是当时的社会疯了，他只是一个具象化，没有一个人是天生的疯子,社会 疯 ， 一个 具象化 ， 一个 人 天生 疯子
945.33100,1,25,16777215,Mon Feb 20 20:24:27 2023,0,5c10342f,1256652630793893376	,10,前面的，自己不想为公理和自己受到的不公平抗争，就不要去取笑走在这条路上的，甚至是已经倒在这条路上的人，因为你现在能在这里对他们指指点点，是因为他们将风雨挡在了你的前面。,， 不想 公理 不 公平 抗争 ， 去 取笑 走 这条 路上 ， 倒 这条 路上 人 ， 指指点点 ， 是因为 风雨 挡 。
1089.38500,1,25,16777215,Mon Feb 20 13:00:53 2023,0,bf9a1654,1256429379173972992	,10,这个世界需要理想,世界 理想
795.85000,1,25,16777215,Mon Feb 20 12:40:03 2023,0,aad3521a,1256418889001085440	,10,什么让他变成恶人？自己选的呗，你可别说社会没给过他机会，他在不可回头之前抽身的机会可太多了,恶人 ？ 选 ， 社会 没 机会 ， 回头 抽身 机会 可太多
761.17100,1,25,16777215,Mon Feb 20 01:42:43 2023,0,92585830,1256088049012696832	,10,这段分析太好了，深度和对于社会发展逻辑链条的延伸，对比和回顾远胜过我这段时间看过的大多数剧评,段 分析 太好了 ， 深度 社会 发展 逻辑 链条 延伸 ， 对比 回顾 远 胜过 段时间 看过 剧评
865.68600,1,25,16777215,Sun Feb 19 20:01:28 2023,0,5e273a6b,1255916290292564480	,10,安欣没有主角光环活不过三集，但高启强不断地被大众生产。圣徒精神不是凭空来的。,安欣 主角 光环 活 三集 ， 高启 强 地被 大众 生产 。 圣徒 精神 凭空 。
536.56700,1,25,16777215,Sun Feb 19 19:49:30 2023,0,9441743f,1255910265493824000	,10,简单点来说就是村霸，对内欺压，对外打着村民的名头去抢利益，然后全部收入自己囊中,简单 点 来说 村霸 ， 对内 欺压 ， 对外 打着 村民 名头 去 抢 利益 ， 收入 囊中
65.81200,5,25,15138834,Sun Feb 19 19:08:31 2023,0,693980ff,1255889640305632256	,10,富兰克林老崔属于北美刘华强,富兰克林 老 崔 北美 刘华强
241.69800,5,25,16776960,Sun Feb 19 18:59:49 2023,0,5a23b181,1255885256385596416	,10,麦卡锡主义,麦卡锡主义
349.09900,1,25,16777215,Sun Feb 19 18:33:24 2023,0,f0a51a80,1255871964812551168	,10,卡尔，兰博基 《大转型》,卡尔 ， 兰博基 《 大 转型 》
751.27500,5,25,16777215,Sun Feb 19 18:18:48 2023,0,3b5f7677,1255864613682211072	,10,《打不过就加入》,《 》
782.26500,1,25,16777215,Sun Feb 19 16:23:14 2023,0,aad3521a,1255806449859468032	,10,观众只看到了一个恶人的发家史，却没想过自己是被高家和那些保护伞迫害的千千万万劳苦民众,观众 只 一个 恶人 发家史 ， 却 没想 高家 保护伞 迫害 千千万万 劳苦 民众
213.25300,1,25,16777215,Sun Feb 19 16:13:23 2023,0,26f4f8b6,1255801494331089408	,10,高启强怎么没有及时转型？他早就洗白了，但是戏剧冲突让他的老底被挖出来了,高启 强 转型 ？ 早就 洗白 ， 戏剧 冲突 老底 挖出来
672.35000,1,25,16777215,Sun Feb 19 16:04:33 2023,0,5241c093,1255797044728331520	,10,也就是近几年经济下滑才导致公务员变热门，不然去企业一直都是大学生的首选,近几年 经济 下滑 才 导致 公务员 变 热门 ， 去 企业 都 大学生 首选
478.48700,1,25,16777215,Sun Feb 19 15:56:00 2023,0,3a2aae95,1255792741330211840	,10,要保持思考勇于指出错误，而不是躲在网络后面诋毁和碎碎念,思考 勇于 指出 错误 ， 躲 网络 诋毁 碎 碎念
656.08300,5,25,16777215,Sun Feb 19 15:41:30 2023,0,c089dc20,1255785444743029760	,10,其实用时代发展角度，高气盛干本专业金融之后也能年入百万,时代 发展 角度 ， 高 气盛 干本 专业 金融 年 入 百万
904.68100,1,25,16777215,Sun Feb 19 15:28:08 2023,0,aea5b433,1255778712969185024	,10,相较之下，一个纯粹的小人物的纯善，并且还能成为主角，才超现实吧,相 之下 ， 一个 纯粹 小人物 纯善 ， 还 主角 ， 才 超现实
1011.39800,5,25,16777215,Sun Feb 19 15:19:28 2023,0,8afae6b4,1255774353845420288	,10,冲这一段投币了,一段 投币
221.09900,5,25,16765698,Sun Feb 19 13:59:37 2023,0,9add1d26,1255734166113322752	,10,把高启强和张颂文混为一谈又把对于张颂文演技的认可扭曲成把高启强奉为偶像的人非蠢既坏,高启 强 张颂文 混为一谈 张颂文 演技 认可 扭曲 成 高启 强奉 偶像 人 非蠢 坏
5.15800,1,25,16777215,Sun Feb 19 13:15:34 2023,0,477fd066,1255711988328683520	,10,这组对比镜头居然让我泪目了,这组 对比 镜头 居然 泪目
398.17700,5,25,15772458,Sun Feb 19 13:09:34 2023,0,33e3c2ac,1255708973454472704	,10,乡贤：指车神李有田（）,乡贤 ： 指 车神 李有 田 （ ）
199.42200,5,25,16707842,Sun Feb 19 13:06:39 2023,0,bd6c8a2d,1255707503401061376	,10,高启强是因为演员演得好加上紧张刺激的剧情推动，现实原型刘汉能有多少人把他当偶像,高启 强 是因为 演员 演得 好 加上 紧张 刺激 剧情 推动 ， 现实 原型 刘汉能 人 偶像
596.81100,5,25,16777215,Sun Feb 19 13:05:26 2023,0,e8463476,1255706894597771264	,10,因为确实是不得不，不然就永远比不上美国生活的竞争力,确实 不得不 ， 永远 比不上 美国 生活 竞争力
850.13100,1,25,16777215,Sun Feb 19 12:55:07 2023,0,8e93a57a,1255701699029416960	,10,安欣更像是一个理想化的符号,安欣 更 像是 一个 理想化 符号
1060.16900,1,25,16777215,Sun Feb 19 12:46:31 2023,0,f6ba43ed,1255697367412350208	,10,前面的别搞笑了，韩国电影确实有在推动相关社会制度和法律的完善（虽然没有根本性的改变）,搞笑 ， 韩国 电影 确实 推动 相关 社会制度 法律 完善 （ 根本性 改变 ）
275.30100,1,25,16777215,Sun Feb 19 13:21:43 2023,0,835f4d25,1255715084102356480	,10,高启强是被迫下线的，按照前期的谨慎，后期怎么可能站错队,高启 强是 被迫 下线 ， 前期 谨慎 ， 后期 站 错队
972.19700,1,25,16777215,Mon Feb 20 14:26:07 2023,0,e178ea9d,1256472277928095232	,10,温铁军、卢麒元不也在坚持理想么？,温铁军 、 卢麒元 不 理想 ？
271.79100,5,25,16777215,Sun Feb 19 18:28:57 2023,0,b3119305,1255869722353156608	,10,说高齐强成为全民偶像的，麻烦你尊重一下现实，看看村霸、鱼霸、沙场、菜市场、运输车队、土方等等哪个不是让人深恶痛绝？,说 高齐强 全民 偶像 ， 麻烦 尊重 现实 ， 村霸 、 鱼霸 、 沙场 、 菜市场 、 运输 车队 、 土方 人 深恶痛绝 ？
625.71000,1,25,16777215,Sun Feb 19 15:39:55 2023,0,c089dc20,1255784648462963712	,10,这么多yygq的，全都是李宏伟看视频?,yygq ， 全都 李宏伟 看 视频 ?
613.81900,1,25,16777215,Sun Feb 19 13:57:39 2023,0,d3f7eb75,1255733174563043584	,10,没上过初中吗？国有经济为主体，多种所有制经济并存,没上 初中 ？ 国有经济 主体 ， 多种 所有制 经济 并存
424.85400,1,25,16777215,Sun Feb 19 12:44:32 2023,0,8e93a57a,1255696374033608960	,10,我就觉得后期什么刀哥放高利贷，破事又多风险又大，一点都不合理,后期 刀哥 放高利贷 ， 破事 风险 大 ， 一点 都 不合理
614.63200,1,25,16777215,Mon Feb 20 00:25:12 2023,0,b3248441,1256049028941258496	,10,如果觉得up在叠甲 说明你没理解,up 叠 甲 没 理解
604.06000,1,25,16777215,Mon Feb 20 09:36:21 2023,0,68da67d3,1256326435694473728	,10,全给弹幕懂完了,全给 弹幕 懂 完
340.52200,1,25,16777215,Sun Feb 19 17:49:55 2023,0,eed30525,1255850076870769408	,10,经典“生产关系阻碍了生产力发展”,经典 “ 生产关系 阻碍 生产力 发展 ”
607.38100,1,25,16777215,Sun Feb 19 23:27:26 2023,0,cf83c822,1256019956039157504	,10,懂哥们又来了,懂 哥们
14.75000,1,25,16777215,Sun Feb 19 17:38:02 2023,0,134e0657,1255844092697454080	,10,要是没审核任由发挥，狂飙才可能封神,没 审核 任由 发挥 ， 狂飙 才 封神
1049.44700,1,25,16777215,Sun Feb 19 11:42:38 2023,0,a65e5d36,1255665221469654016	,10,这是不现实的，不是吗,不 现实 ，
1003.79700,1,25,16777215,Thu Feb 23 12:31:21 2023,0,cfed0068,1258588841460442624	,10,狂飙不比亿万写得深刻?差什么档次?亿万那样把头埋进土里就有档次?,狂飙 亿万 写得 深刻 ? 差 档次 ? 亿万 把头 埋进 土里 档次 ?
599.94600,1,25,16777215,Sun Feb 19 15:05:37 2023,0,2671fe3e,1255767379531667200	,10,委婉？不这样你过不上更好的日子不得天天在社交网络上吐槽,委婉 ？ 不 不 上 更好 日子 天天 社交 网络 上吐槽
592.47600,1,25,16777215,Sun Feb 19 12:25:06 2023,0,189f3681,1255686595282279168	,10,什么叫“不得不”？,“ 不得不 ” ？
1015.72100,1,25,16777215,Sun Feb 19 12:05:11 2023,0,a139a586,1255676567867484160	,10,需要批判的话，大可看学术论文而不是什么电视剧,批判 ， 大可看 学术论文 电视剧
606.33400,1,25,16777215,Mon Feb 20 19:46:46 2023,0,4d288d1b,1256633665929404672	,10,叠甲，过！,叠甲 ， ！
907.05000,1,25,16777215,Sun Feb 19 22:54:17 2023,0,fd60cb82,1256003270745322752	,10,up有些过度解读，只是借狂飙讲自己想讲的故事,up 过度 解读 ， 借 狂飙 讲 想 讲 故事
97.48100,1,25,16777215,Sun Feb 19 19:21:52 2023,0,65fbe9f2,1255896358397997312	,10,前面先缓存的什么应激反应,先 缓存 应激反应
600.95700,1,25,15138834,Sun Feb 19 19:00:47 2023,0,8ba0d793,1255885744183296000	,10,求生欲很强啊。,求生欲 很强 。
13.31900,1,25,16777215,Sun Feb 19 18:09:55 2023,0,7450bc7,1255860140708785152	,10,人民的名义，琅琊榜，隐秘的角落等等，都不错,人民 名义 ， 琅 琊 榜 ， 隐秘 角落 ， 都 不错
628.45900,1,25,16777215,Sun Feb 19 14:05:24 2023,0,8cd3cd06,1255737075987334400	,10,自己没有理想就不要以为别人没有,理想 别人
1057.53900,1,25,16777215,Sun Feb 19 12:25:55 2023,0,73e56438,1255687003606325760	,10,南棒片所谓的深刻，只是更黑暗绝望,南棒片 深刻 ， 更 黑暗 绝望
279.62600,1,25,16777215,Fri Mar 17 13:46:48 2023,0,d4f398bc,1274571880023725824	,10,额，怎么不提19世纪末20世纪初北美媒体和法律界联合发起的反托拉斯运动和地方巡回法庭制度了,额 ， 不提 19 世纪末 20 世纪 初 北美 媒体 法律界 联合 发起 反托拉斯 运动 地方 巡回 法庭 制度
753.95800,1,25,16777215,Tue Feb 21 22:18:52 2023,0,5e0c34a,1257434996617068544	,10,公平呗说的那么文艺,公平 说 文艺
853.59100,1,25,16777215,Mon Feb 20 13:52:57 2023,0,218e0762,1256455581980446208	,10,安欣更像是一个神，虚无缥缈,安欣 更 像是 一个 神 ， 虚无缥缈
133.71500,1,25,16777215,Mon Feb 20 12:06:53 2023,0,5a19d1da,1256402199203082496	,10,美国不是公平正义的化身吗，我不信,美国 公平正义 化身 ， 不信
1035.30400,1,25,16777215,Mon Feb 20 11:46:22 2023,0,46854385,1256391871199239680	,10,这种设定毫无意义,设定 毫无意义
29.54800,1,25,16777215,Mon Feb 20 11:17:11 2023,0,470e78e,1256377181983140096	,10,三体和狂飙相比，三体更完整更有逻辑，更严谨，演技也是丝毫不差,三体 狂飙 相比 ， 三体 更 完整 更 逻辑 ， 更 严谨 ， 演技 丝毫不差
597.56300,1,25,16777215,Sun Feb 19 23:44:53 2023,0,e2bfcdf2,1256028739247123200	,10,是无意的不得不？还是有意的不得不？,无意 不得不 ？ 有意 不得不 ？
43.11300,1,25,16777215,Sun Feb 19 22:43:22 2023,0,7abd4a47,1255997772390566400	,10,亿万跟这个完全两码事啊,亿万 两码事
607.68600,1,25,16777215,Sun Feb 19 21:20:34 2023,0,de0d5fa9,1255956097492432384	,10,大家心照,心照
85.82100,1,25,15138834,Sun Feb 19 21:01:58 2023,0,3c4ac807,1255946742256717312	,10,美国的强大离不开鸦片战争和三角贸易所获取的巨额利润,美国 强大 离不开 鸦片战争 三角 贸易 获取 巨额利润
611.55100,1,25,16777215,Sun Feb 19 19:33:33 2023,0,835c42e1,1255902241169398784	,10,红字逆天兔u是吧,红字 逆 天兔 u
21.18200,1,25,16777215,Sun Feb 19 18:02:26 2023,0,58178c36,1255856373728933632	,10,说烂尾的就是不能接受社会变好，不相信人类能自我修复，比叶文洁还惨,说 烂尾 接受 社会 变 好 ， 不 人类 自我 修复 ， 比叶 文洁 还 惨
51.52700,1,25,16777215,Sun Feb 19 17:57:39 2023,0,258cd739,1255853973781809152	,10,都没看过,都 没 看过
622.43000,1,25,16777215,Sun Feb 19 17:41:49 2023,0,5b81a211,1255846001684860416	,10,国有经济主体？占比小于50％也算主体，哈哈哈哈,国有经济 主体 ？ 占 小于 50 ％ 算 主体 ， 哈哈哈哈
28.77900,1,25,16777215,Sun Feb 19 17:08:08 2023,0,7cc8bad6,1255829045413760000	,10,这句话说的有问题,这句 话 说
602.05000,1,25,16777215,Sun Feb 19 12:36:48 2023,0,ebc07526,1255692477911069184	,10,说的太明白视频就没了,说 太 明白 视频 没
602.77000,1,25,16777215,Sun Feb 19 12:28:36 2023,0,1a07a5d3,1255688355614749952	,10,终于知道为什么能发出来了,终于 发出
233.25600,1,25,16777215,Sun Feb 19 12:24:53 2023,0,a3ee5347,1255686482128426496	,10,你变了,变
1073.98200,1,25,16777215,Sun Feb 19 12:18:58 2023,0,f293bd50,1255683503232733184	,10,看得出作者是希望人民觉醒的，,看得出 作者 希望 人民 觉醒 ，
620.80500,1,25,16777215,Sun Feb 19 11:24:39 2023,0,31b95217,1255656168215739136	,10,血脉不一样罢了,血脉 不
451.75900,1,25,16777215,Sun Oct 27 22:55:15 2024,0,373a4489,1702465603946562304	,10,记录在案,记录在案
608.47000,1,25,16777215,Thu Aug  1 19:45:25 2024,0,fbb0d7c3,1639314571603028224	,10,高启强缺点是赚没跑出去。,高启 强 缺点 赚 没 跑出去 。
39.94900,1,25,16777215,Sat Jun 15 15:10:10 2024,0,f413689c,1605111576397319936	,10,狂飙部分集的巅峰高，但整体上三体更好（狂飙后面拉了）,狂飙 集 巅峰 高 ， 整体 上三体 更好 （ 狂飙 拉 ）
994.47300,1,25,16777215,Tue May 28 17:31:24 2024,0,55183a5,1592136700757742592	,10,好多美剧日剧都是类似这样,好多 美剧 日剧 都 类似
991.04800,1,25,16777215,Tue May 28 17:31:05 2024,0,55183a5,1592136536340897792	,10,hhhh这个处理太经典了，把社会问题最终归因到个人问题，不敢直面想得到的答案,hhhh 太 经典 ， 社会 最终 归因 ， 直面 想得到 答案
949.28600,5,25,16707842,Sun May 26 20:33:51 2024,0,1fc9ff5e,1590778972566833664	,10,金融霸权的基础是遍布全球的美军基地,金融 霸权 基础 遍布 全球 美军基地
606.32900,1,25,16777215,Sun May 19 00:23:00 2024,0,20a75dc,1585096101789350144	,10,谔谔,谔 谔
1046.80300,1,25,16777215,Sun May  5 11:42:26 2024,0,49df1169,1575291210799834112	,10,你在写童话故事吗,写 童话故事
55.35700,5,25,15138834,Sat May  4 05:26:41 2024,0,3af0496e,1574377314765032192	,10,《美国没有人情世故》,《 美国 人情世故 》
1048.75900,1,25,16777215,Fri May  3 12:23:01 2024,0,ad55a3c5,1573862091344165120	,10,还真没听说过,还 真 没听说过
1044.34100,1,25,16777215,Fri May  3 12:22:46 2024,0,ad55a3c5,1573861962880930304	,10,但现实里不可能,现实 里 不
760.89500,1,25,16777215,Fri May  3 12:17:17 2024,0,ad55a3c5,1573859205579126272	,10,变成自己最讨厌的人,最 讨厌 人
613.11500,1,25,16777215,Fri May  3 12:13:25 2024,0,ad55a3c5,1573857261040812800	,10,已经记录在案！叠甲？完了！,记录在案 ！ 叠甲 ？ 完 ！
178.92400,1,25,16777215,Fri May  3 12:01:01 2024,0,ad55a3c5,1573851016300987136	,10,营销号嘛，你能指望它懂什么,营销 号 ， 指望 懂
32.91400,1,25,16777215,Sat Apr 27 10:40:04 2024,0,841f9c9f,1569461621103840768	,10,那是必然的,
730.49900,1,25,16777215,Tue Apr 23 20:25:27 2024,0,77f1aff8,1566857146065691904	,10,我感觉我也不远了,感觉 不远
779.70600,1,25,16777215,Sat Apr 20 16:32:13 2024,0,1f8c8a0f,1564565430973179136	,10,这才是现实,这才 现实
217.79600,1,25,16777215,Sat Apr 20 16:22:34 2024,0,1f8c8a0f,1564560577014182912	,10,高生不逢时？,高 生不逢时 ？
466.83400,1,25,16777215,Sat Apr 20 11:24:42 2024,0,54a9f2db,1564410653496650240	,10,晋升锦标赛,晋升 锦标赛
611.84100,1,25,16777215,Wed Apr 10 10:22:10 2024,0,c9b75c43,1557131421179789056	,10,哈哈，你对现实还是不了解阿，电视只拍了一部分，,， 现实 不 ， 电视 只 拍 一部分 ，
749.83000,1,25,16777215,Mon Apr  8 12:54:28 2024,0,c847f3f4,1555758526419187712	,10,兄弟们考研上岸咯，看那些在还水里的哈哈,兄弟 考研 上岸 咯 ， 看 还 水里
1061.26700,1,25,16777215,Fri Apr  5 15:14:05 2024,0,b7815327,1553654468984318208	,10,推荐看《暴风骤雨》，真正的“群众片”,推荐 看 《 暴风骤雨 》 ， “ 群众 片 ”
1050.38200,1,25,16777215,Mon Mar 11 21:55:52 2024,0,b5e555a8,1535737296832199680	,10,或许我们应该重温下白毛女,或许 重温 下 白毛女
355.87000,1,25,16777215,Wed Mar  6 02:35:46 2024,0,91388ee,1531529527690451712	,10,道德只能约束个人，对团体不起作用。过去的道德不代表现在，你的也不代表他的，你们更不代表他们,道德 只能 约束 ， 团体 不起作用 。 道德 不 代表 ， 不 代表 ， 更 不 代表
528.92400,1,25,16777215,Sun Mar  3 00:51:28 2024,0,3c59eaed,1529302699378626304	,10,总结得非常好,好
1041.38000,1,25,16777215,Thu Feb 29 13:34:10 2024,0,b5e555a8,1527512251890693888	,10,其实有啊，看白毛女吧,， 看 白毛女
193.59800,1,25,16777215,Mon Feb 19 14:28:12 2024,0,95796f42,1520291690253171968	,10,说得很精彩,说 很 精彩
29.08300,1,25,16777215,Sat Feb  3 10:17:31 2024,0,7ef15d4e,1508569107220710400	,10,说的是三体电视剧 不是三体动画,说 三体 电视剧 三体 动画
227.40300,1,25,16777215,Wed Jan 31 01:08:46 2024,0,6902b6d7,1506118586090000896	,10,他们不会秋后算账这个技能,秋后算账 技能
500.23300,1,25,16777215,Tue Jan 30 18:07:04 2024,0,5f9d97ed,1505906332740460032	,10,那人就没升迁,那人 没 升迁
1072.14900,1,25,16777215,Tue Jan 30 10:13:22 2024,0,99820f55,1505667917109508608	,10,太理想了.JPG,太 理想 . JPG
637.99200,1,25,16777215,Mon Jan 29 17:47:09 2024,0,bf3d8cf9,1505171540063708416	,10,是国家的，而不是市场的……,国家 ， 市场 … …
601.72600,1,25,16777215,Mon Jan 29 13:30:51 2024,0,44e4987a,1505042532197955840	,10,而非矛盾与否，而是是否处理，认为必须作出让步的显然只是既得利益者的盲目，是一种妥协，与想办法去处理的精神一定是相悖的,非 矛盾 ， ， 作出 让步 既得利益者 盲目 ， 一种 妥协 ， 想 办法 去 精神 相悖
365.71400,1,25,16777215,Tue Jan 23 22:19:26 2024,0,ee77ad54,1500959924744934912	,10,害怕,害怕
283.63800,1,25,16777215,Tue Jan 16 19:42:39 2024,0,2fd2aea6,1495807582580086528	,10,高起强后面也飘了,高起 强 飘
44.80600,1,25,16777215,Sun Jan  7 21:03:20 2024,0,6d35aed9,1489325215384345856	,10,华信股份832715财务造假,华信 股份 832715 财务 造假
41.64600,1,25,16777215,Sun Jan  7 21:03:11 2024,0,6d35aed9,1489325133620723968	,10,华信股份832715财务造假,华信 股份 832715 财务 造假
35.76600,1,25,16777215,Sun Jan  7 21:02:54 2024,0,6d35aed9,1489324991173762560	,10,华信股份832715财务造假,华信 股份 832715 财务 造假
1086.76700,1,25,16777215,Fri Jan  5 19:17:36 2024,0,d1b003d4,1487822443514183936	,10,哈哈大笑,哈哈大笑
56.89900,1,25,16777215,Fri Dec 29 16:49:27 2023,0,a3234126,1482674449449920256	,10,赞赞赞，居然有人讲亿万！,赞赞赞 ， 居然 有人 讲 亿万 ！
400.69700,1,25,16777215,Thu Dec 28 00:17:56 2023,0,d73de4de,1481450627258338304	,10,78年前根本没有所谓的传统乡村结构,78 年前 传统 乡村 结构
1073.32500,1,25,16777215,Wed Dec 27 00:14:55 2023,0,19fb5963,1480724333667545088	,10,我们不怕，他们怕,， 怕
613.62200,1,25,16777215,Mon Dec 25 12:04:57 2023,0,191f2709,1479632152340522752	,10,呵呵呵呵,呵呵 呵呵
1078.10000,1,25,16777215,Thu Dec 14 19:35:26 2023,0,759c32a5,1471886349841168896	,10,人民万岁！,人民 万岁 ！
1057.89000,1,25,16777215,Mon Dec 11 20:26:12 2023,0,b584c038,1469737577065433856	,10,。。。不切实际,。 。 。 不切实际
207.49900,1,25,16777215,Mon Dec 11 11:08:26 2023,0,25f1b426,1469456844144913920	,10,许家印,许家 印
611.21900,1,25,16777215,Sat Dec  9 08:09:01 2023,0,f20994a6,1467916990030185728	,10,不这样就过不了审 不要笑  ,不 不了 审 笑
877.86600,5,25,15138834,Mon Dec  4 22:46:33 2023,0,eb8ae4d9,1464734785896390912	,10,说不敢苟同的你去试试,说 不敢苟同 去 试试
1045.27100,1,25,16777215,Sat Nov 25 12:12:20 2023,0,61115027,1457892591701035520	,10,那狂飙就会变成一部爽文剧，就不会有那么高的高度,狂飙 会 一部 爽文剧 ， 高 高度
335.37900,1,25,16777215,Thu Nov 23 12:19:56 2023,0,9baeb648,1456446868530728704	,10,说人话,说人话
613.05800,1,25,16777215,Sun Nov 12 22:17:49 2023,0,8b6bae76,1448775261079401728	,10,迟到的正义，唉，也比没有的要好很多,迟到 正义 ， ， 好 很多
879.05900,1,25,16777215,Fri Oct 27 18:27:20 2023,0,82804b2b,1437062840065555712	,10,理想主义,理想主义
1048.79600,1,25,16777215,Sun Oct 22 00:43:18 2023,0,896c13d4,1432903414370610944	,10,科幻片,科幻片
659.50200,1,25,16777215,Tue Oct 10 20:05:47 2023,0,9ba48455,1424791208211120128	,10,考公是疫情前后，才成为热门的,考公是 疫情 ， 才 热门
332.73200,1,25,16777215,Mon Oct  9 23:01:19 2023,0,2d545ec0,1424154778187017984	,10,小编好像感冒了,小编 好像 感冒
640.51200,5,25,15138834,Thu Oct  5 22:28:53 2023,0,dd93bccc,1421239353665212672	,10,不安欣？（乱入）,不安 欣 ？ （ 乱入 ）
1094.14100,1,25,16777215,Wed Oct  4 02:09:41 2023,0,5ccde0d1,1419900936117424640	,10,没有理想就没有希望没有希望就没救了，理想还是要有的,理想 希望 希望 没救 ， 理想
4.51800,1,25,16777215,Tue Oct  3 11:19:10 2023,0,bed592ca,1419452720376461568	,10,是谁到了国庆还在看狂飙解说啊，哦是我自己,国庆 还 看 狂飙 解说 ，
1082.99700,1,25,15138834,Wed Sep 27 11:11:15 2023,0,7203f071,1415100084806642176	,10,没有监督权,监督权
1046.45400,1,25,16777215,Thu Sep 21 01:50:19 2023,0,7ddf4b1e,1410469104569263360	,10,一般人也没有黄瑶的内鬼地位,人 黄瑶 内 鬼 地位
602.99100,1,25,16777215,Thu Sep 21 01:39:25 2023,0,7ddf4b1e,1410463612790990592	,10,求生欲扑面而来,求生欲 扑面而来
595.67900,1,25,16777215,Thu Sep 21 00:10:01 2023,0,8e297ff4,1410418622681445632	,10,牺牲人民群众的利益,牺牲 人民 群众 利益
7.55100,1,25,16777215,Wed Sep 13 12:45:56 2023,0,a757506d,1405000878338996736	,10,倒也不至于，第三部分编剧明显拉胯了,倒 不至于 ， 第三 编剧 拉 胯
566.41400,1,25,16777215,Tue Sep 12 23:50:20 2023,0,fc37f8ae,1404610504903067136	,10,你这里的第2次剪刀差 是西方解读,2 次 剪刀差 西方 解读
1044.85900,1,25,16777215,Thu Sep  7 23:34:34 2023,0,a441190b,1400978695245745920	,10,你这个是全世界都害怕的,全世界 都 害怕
606.67300,1,25,16777215,Sun Sep  3 00:43:19 2023,0,3b5f4764,1397389413079700736	,10,小鬼又急咯,小鬼 急 咯
1067.58400,1,25,16777215,Fri Aug 25 01:43:21 2023,0,e8270333,1390896646929752064	,10,国内在变好 靠的都是一个个普通人的努力 不是只会啄牙花子的看客,国内 变好 都 一个个 普通人 努力 只会 啄 牙 花子 看客
1047.10200,1,25,16777215,Fri Aug 25 01:40:47 2023,0,e8270333,1390895359555226112	,10,本来就很难，又笨又菜的还用给你打,本来 很 难 ， 笨 菜 还
1057.94900,1,25,16777215,Sun Aug 13 20:25:45 2023,0,2da74726,1382764264145851648	,10,在他们的规则下打败他？确定吗,规则 下 打败 ？
482.13200,1,25,16777215,Sun Aug 13 16:46:16 2023,0,38efbe19,1382653794676027136	,10,后期剧情很快，漏洞很多，当然真实情况就不好说了,后期 剧情 很快 ， 漏洞 很多 ， 真实情况 不好 说
876.97900,1,25,16777215,Fri Aug 11 22:40:41 2023,0,f21329da,1381382627172547840	,10,毕业论文啊不生动,毕业论文 不 生动
778.75500,1,25,11890,Thu Aug 10 14:57:46 2023,0,7e0474e3,1380424858575585280	,10,哈哈哈,哈哈哈
379.11500,1,25,16777215,Mon Aug  7 17:07:32 2023,0,e10a5a70,1378315845662506752	,10,杜江？？？,杜江 ？ ？ ？
608.76600,1,25,16777215,Sun Aug  6 19:59:54 2023,0,3f553bb0,1377677824840126208	,10,这里是这样，但其他看不见的地方不一定是这样，很多时候会同流合污,， 看不见 地方 不 ， 很多 会 同流合污
673.90200,1,25,16777215,Thu Aug  3 14:50:43 2023,0,1f133f61,1375347878247481856	,10,我记得哪怕18年之前主流思潮也是这样的，考公务员是“一眼看到头”的象征,记得 18 年 主流 思潮 ， 考 公务员 “ 一眼 头 ” 象征
999.92600,1,25,16777215,Thu Aug  3 14:32:10 2023,0,93489fb0,1375338540451340800	,10,对 看到后面就是这样,
26.66400,1,25,16777215,Thu Aug  3 10:56:38 2023,0,93489fb0,1375230056598780928	,9,亿万高开低走啊,亿万 高开低走
570.79900,1,25,16777215,Fri Jul 28 17:10:43 2023,0,7480a01a,1371069690247521024	,9,细说第2次,细说 2 次
73.98700,1,25,16777215,Fri Jul 28 17:04:14 2023,0,7480a01a,1371066429226805760	,9,房地产算是工业吗,房地产 算是 工业
41.45300,1,25,16777215,Thu Jul 20 21:03:27 2023,0,b9352ab1,1365388622206918144	,9,大亿万,大 亿万
793.53500,1,25,16777215,Thu Jul 20 17:28:06 2023,0,44a2fddb,1365280233959665408	,9,如果黑化，那就真的输了。,黑化 ， 真的 输 。
1017.23000,1,25,15138834,Wed Jul 19 07:50:51 2023,0,fcc09d5f,1364264916953324544	,9,群众,群众
402.83500,1,25,15138834,Wed Jul 19 07:40:16 2023,0,fcc09d5f,1364259592217093376	,9,李有田,李有 田
618.00400,1,25,16777215,Tue Jul 18 22:23:31 2023,0,329f50c0,1363979370934425600	,9,历史中的苦难是怎么变成光明的，靠等和施舍吗？,历史 中 苦难 光明 ， 施舍 ？
605.37400,1,25,16777215,Tue Jul 18 22:22:42 2023,0,329f50c0,1363978961721638400	,9,开始了,
775.88200,1,25,16777215,Mon Jul 17 22:13:51 2023,0,d73ee02d,1363249728678479616	,9,打不过，就加入好了。,， 好 。
876.32400,1,25,16777215,Sat Jul 15 19:05:57 2023,0,288be335,1361705601088151552	,9,还记得安欣的徒弟吗，死不见尸那个,还 记得 安欣 徒弟 ， 死 不见 尸
717.96100,1,25,16777215,Sat Jul 15 19:02:20 2023,0,288be335,1361703781699637248	,9,还有痛打老同学,痛打 老同学
634.43900,1,25,16777215,Sat Jul 15 19:00:09 2023,0,288be335,1361702686407342848	,9,唐小龙唐小虎是真该死,唐 小龙 唐小虎 真 该死
1059.78100,1,25,16776960,Thu Jul 13 15:18:43 2023,0,1655cfa7,1360141681332334080	,9,自己拿刀砍自己的头,刀 砍 头
605.35100,1,25,16777215,Wed Jul 12 11:57:44 2023,0,a314641d,1359315745229971968	,9,?,?
155.19800,1,25,16777215,Tue Jul 11 12:07:39 2023,0,7072a354,1358595964151010560	,9,铁路华工，沉默的钢钉,铁路 华工 ， 沉默 钢钉
866.50500,1,25,16777215,Tue Jul 11 02:59:40 2023,0,17616a22,1358320150956500992	,9,安欣只是美好的想象吧了，他许多人人性善的一面的集合体。,安欣 美好 想象 ， 人 人性 善 集合体 。
742.68100,1,25,16777215,Mon Jul 10 16:21:03 2023,0,6e8ea911,1357998726634993152	,9,这句话拉回来听了几遍,这句 话 拉回来 听 几遍
1067.10300,1,25,16777215,Mon Jul 10 06:14:46 2023,0,c526f274,1357693571926394880	,9,做梦吧 我们没经历过么？结果是啥？,做梦 没 经历 ？ ？
252.12800,1,25,16777215,Mon Jul 10 01:53:06 2023,0,ea1f459a,1357561874303963136	,9,美国关于大政府还是小政府的政治斗争得写几本书了，这个说的有点简略到有问题了,美国 大 政府 小 政府 政治 斗争 写 几本书 ， 说 简略
195.64600,1,25,16777215,Fri Jul  7 11:42:21 2023,0,720dc439,1355684123603420672	,9,垄断难道是合法的？？？,垄断 难道 合法 ？ ？ ？
657.67900,1,25,16777215,Mon Jul  3 21:26:50 2023,0,c44e4018,1353079199950652672	,9,考公务员很简单吗,考 公务员 很 简单
84.54400,1,25,16777215,Mon Jul  3 19:05:07 2023,0,cb3d1ef2,1353007874275732736	,9,The man who bulit America,The man who bulit America
346.80600,1,25,16777215,Sat Jul  1 13:09:44 2023,0,2a39a829,1351379454605298432	,9,生产关系不符合当下生产力,生产关系 不 符合 当下 生产力
616.48200,1,25,16777215,Tue Jun 27 13:53:53 2023,0,f3f51798,1348502573732411392	,9,哈哈哈哈哈,哈哈哈
726.87800,1,25,16777215,Sun Jun 25 22:13:56 2023,0,1bbbb10d,1347304704283053824	,9,NB，原谅我实在听不懂,NB ， 原谅 实在 听不懂
215.57500,1,25,16707842,Tue Jun 20 18:05:17 2023,0,18578beb,1343555679331427840	,9,量变引起质变,量变 质变
1060.00000,5,25,15138834,Tue Jun 20 12:57:32 2023,0,e9d965e7,1343400783131044352	,9,我超，托！,我超 ， 托 ！
51.88100,1,25,16777215,Fri Jun 16 11:54:54 2023,0,eb16badb,1340470155406376448	,9,亿万是另一个故事,亿万 一个 故事
50.16100,1,25,16777215,Fri Jun 16 11:54:45 2023,0,eb16badb,1340470078608758528	,9,nonono,nonono
27.24100,1,25,16777215,Fri Jun 16 11:54:20 2023,0,eb16badb,1340469864263303936	,9,亿万总是给我一种不得劲而的感觉，可能因为是系列剧,亿万 一种 不得劲 感觉 ， 系列剧
1041.52100,1,25,16777215,Tue Jun 13 20:08:39 2023,0,2e075fa9,1338544341446351616	,9,讽刺,讽刺
743.06000,1,25,16777215,Tue Jun 13 20:02:29 2023,0,2e075fa9,1338541232955559168	,9,高考,高考
195.77900,1,25,16777215,Tue Jun 13 19:50:52 2023,0,2e075fa9,1338535383663068672	,9,irs呢？,irs ？
746.81600,1,25,16777215,Tue Jun 13 09:33:24 2023,0,4df3c28,1338224604988423424	,9,绝了,绝
366.03900,1,25,16777215,Sun Jun 11 21:56:04 2023,0,93ab0e6d,1337148852683260160	,9,是的，南北战争,， 南北战争
1075.79300,1,25,16777215,Sun Jun 11 09:25:40 2023,0,3e1817a3,1336771164508556544	,9,NB,NB
1045.86300,1,25,16777215,Tue Jun  6 18:56:27 2023,0,cc76c770,1333434569562853376	,9,可能性在哪,可能性
759.05800,1,25,16777215,Tue Jun  6 18:50:42 2023,0,cc76c770,1333431674947793920	,9,这是大概率胜出的选择,大 概率 胜出 选择
696.08200,1,25,16777215,Tue Jun  6 18:49:15 2023,0,cc76c770,1333430941389222400	,9,是的,
675.51700,1,25,16777215,Tue Jun  6 18:48:49 2023,0,cc76c770,1333430724459758336	,9,是的,
795.15900,5,25,16777215,Mon Jun  5 06:57:26 2023,0,aff3d5f4,1332347903335015936	,9,但是他怎么收手呢,收手
1006.87200,1,25,16777215,Sun Jun  4 17:26:04 2023,0,9e9e96ce,1331939528751111680	,9,风浪越大！！！鱼越贵！！！,风浪 越大 ！ ！ ！ 鱼越 贵 ！ ！ ！
988.16800,5,25,16777215,Sun Jun  4 01:25:38 2023,0,d011d670,1331456125576637696	,9,这在美国是碰都不能碰的话题，你居然让人家拍出来？,美国 碰 都 碰 话题 ， 居然 拍 ？
42.65300,1,25,16777215,Sat Jun  3 19:55:01 2023,0,794a2156,1331289716615964672	,9,开局就这么刺激,开局 刺激
868.23000,1,25,15138834,Fri Jun  2 21:33:24 2023,0,9f5b5949,1330614463887321344	,9,14亿人堆里扒拉不出几个安欣，有，极端地少,14 亿人 堆里 扒拉 不 出 几个 安欣 ， ， 极端 地少
776.95000,1,25,15138834,Fri Jun  2 21:31:06 2023,0,9f5b5949,1330613301058704128	,9,好骂，会骂就多骂点,好 骂 ， 会 骂 骂 点
3.92200,1,25,15138834,Fri Jun  2 21:16:14 2023,0,9f5b5949,1330605820332932096	,9,现实比剧更黑暗，就这结尾还被改了，后面直接没看,现实 比剧 更 黑暗 ， 结尾 还 改 ， 没 看
1086.30400,1,25,16777215,Thu Jun  1 03:36:21 2023,0,ed85d78c,1329347584615342592	,9,求生欲,求生欲
755.30200,1,25,15138834,Mon May 29 21:34:53 2023,0,82eff382,1327716102700467200	,9,分析的相当有水平，确实啊，周围的一切只能让你加入，不加入生存都是问题,分析 水平 ， 确实 ， 只能 ， 不 生存 都
635.06000,1,25,16777215,Sun May 28 18:30:31 2023,0,9483c7f1,1326898530325048320	,9,看不见本质的人很可爱,看不见 本质 人 很 可爱
1040.91000,1,25,16707842,Fri May 26 23:18:18 2023,0,e4979b44,1325593827213536000	,9,好人就该让人拿枪指着？,好人 人 枪 指着 ？
84.76500,1,25,16777215,Mon May 22 12:00:55 2023,0,c52d4f06,1322353789189342720	,9,盖茨比,盖茨
1109.91900,1,25,16777215,Sat May 20 23:45:58 2023,0,b579c901,1321259100138844928	,9,虽然只是一部剧，但至少拍出来了，希望多点狂飙这样的剧,一部 剧 ， 至少 拍 ， 希望 多点 狂飙 剧
683.53900,1,25,16777215,Sat May 20 23:38:04 2023,0,b579c901,1321255122914957056	,9,确实,确实
766.58300,1,25,16777215,Sat May 20 20:32:34 2023,0,140a7d9e,1321161759578501888	,9,社会是经济社会，学校一开始就要教赚钱是第一位，可是他们不,社会 经济社会 ， 学校 就要 教 赚钱 第一位 ， 不
360.59900,1,25,16777215,Sat May 20 20:23:03 2023,0,140a7d9e,1321156968517377792	,9,找不到生存的终极意义，神就不会让一切停止,找 不到 生存 终极 意义 ， 神 停止
764.25700,1,25,16777215,Thu May 18 14:51:12 2023,0,3b603a3c,1319540391682352640	,9,你的小管理就是这样一个心理变态的小人,小 管理 一个 心理变态 小人
923.93900,1,25,16777215,Tue May 16 22:33:42 2023,0,a79b21fd,1318323622632308480	,9,没办法改变现状，就只能顾好自己的悲观状态,没 办法 改变现状 ， 只能 顾好 悲观 状态
38.93900,1,25,16777215,Mon May 15 11:34:27 2023,0,af2e3c0f,1317267038808386816	,9,双厨狂喜,双厨 狂喜
654.00800,1,25,16777215,Mon May 15 00:43:12 2023,0,b82df83d,1316939247097329920	,9,闲鱼看是为了看清自己为什么没有理想，或者说被压进潜意识里不被发觉的愿望,闲鱼 看 看清 理想 ， 或者说 压进 潜意识 里 不 发觉 愿望
210.09700,1,25,16777215,Sun May 14 11:22:40 2023,0,542200c8,1316536328883798016	,9,高启强被执行死刑的时候算了算是接近六十了，意思是他三十年这里面享受着的一切，欲望真正意义得到了满足，这种人生不值得我们期待吗？,高启 强 执行 死刑 算了 算是 接近 六十 ， 三十年 享受 ， 欲望 意义 ， 人生 不 值得 期待 ？
537.10800,1,25,16777215,Sat May 13 12:37:07 2023,0,531ff9e2,1315849021591461376	,9,乡贤&村霸,乡贤 & 村霸
242.19600,1,25,16777215,Sat May 13 12:31:40 2023,0,531ff9e2,1315846281981224448	,9,想起了教父经典桥段,想起 教父 经典 桥段
224.53200,1,25,16777215,Sat May 13 12:30:58 2023,0,531ff9e2,1315845929290578944	,9,高起强所处时事势注定洗不白也退不出来了,高起 强所处 时事 势 注定 洗不白 退 不
194.75000,1,25,16777215,Sat May 13 12:29:16 2023,0,531ff9e2,1315845075137457920	,9,还有一个钢铁大王也是狠人,一个 钢铁 大王 狠 人
1043.80600,1,25,16777215,Fri May 12 12:47:07 2023,0,bc6b9d3a,1315129284687497984	,9,这一滴泪，神了,一滴 泪 ， 神
942.76800,1,25,16777215,Tue May  9 23:27:51 2023,0,4c49fa57,1313277447042969344	,9,ABCD让伊朗粮食价格暴涨,ABCD 伊朗 粮食价格 暴涨
1051.70200,1,25,16777215,Tue May  9 19:57:33 2023,0,5b453143,1313171601290039296	,9,这不是做梦吗？,做梦 ？
832.57400,1,25,16777215,Fri May  5 13:52:56 2023,0,1301ea95,1310088976266302464	,9,老保,老保
604.43500,1,25,16777215,Fri May  5 13:49:02 2023,0,1301ea95,1310087014347054080	,9,really？,really ？
151.31600,1,25,16777215,Sat Apr 29 16:06:30 2023,0,d94264a7,1305807547923820032	,9,杜克斯坦福不也是？,杜克 斯坦福 不 ？
232.06000,1,25,16777215,Sat Apr 29 07:39:45 2023,0,3f661c95,1305552496692993024	,9,没有富人而道德的。,富人 道德 。
101.53700,1,25,16777215,Sat Apr 29 07:37:17 2023,0,3f661c95,1305551256504413696	,9,现在各地城投、产投也都还是很大程度影响本地，一个电话解决各种问题,城投 、 产投 都 很大 程度 影响 本地 ， 一个 电话 解决
1059.39800,1,25,16777215,Fri Apr 28 22:50:17 2023,0,b0984457,1305286004114226688	,9,自我感觉良好,自我感觉
502.43200,1,25,16777215,Fri Apr 28 22:42:44 2023,0,b0984457,1305282202934149632	,9,还不够现实，高启强们都洗好了,还 现实 ， 高启 强们 都 洗 好
601.82100,1,25,16777215,Fri Apr 28 00:12:17 2023,0,ca0a9a10,1304602502255484672	,9,我觉得就该全人类橙汁，这才是最完善的计划,全人类 橙汁 ， 这才 最 完善 计划
1067.91500,1,25,16777215,Wed Apr 26 23:30:27 2023,0,6e7755e1,1303856675337501696	,9,只有一个答案 wcjjwhdgm keep revolution！,一个 答案 wcjjwhdgm keep revolution ！
1054.05900,1,25,16777215,Wed Apr 26 19:48:19 2023,0,c28443f4,1303744868950354688	,9,总之这一段你说的是我们需要天降猛男,一段 说 天 降 猛男
59.49900,1,25,16777215,Wed Apr 26 13:37:21 2023,0,a1b3453b,1303558156982752512	,9,你刷新了我对现代女性的认知原来真的还有讲道理的女性人类！！！讲道理的你很美！！！！祝你好运！,刷新 女性 认知 真的 讲道理 女性 人类 ！ ！ ！ 讲道理 很 美 ！ ！ ！ ！ 祝你好运 ！
604.40800,1,25,16777215,Mon Apr 24 16:14:22 2023,0,ef50b09a,1302187631433980416	,9,？求生欲很强,？ 求生欲 很强
1042.27800,1,25,16777215,Sun Apr 23 03:08:43 2023,0,11468d71,1301067428046146816	,9,好是好，就是有点不切实际,好 好 ， 不切实际
530.83500,1,25,16777215,Sat Apr 22 14:30:29 2023,0,877c8058,1300685795178787328	,9,儒狗别洗,儒狗别 洗
624.49900,1,25,16777215,Sat Apr 22 02:22:09 2023,0,fa71686f,1300319209770749440	,9,弹幕大多数都是已经被资本异化了的人,弹幕 都 资本 异化 人
624.48900,1,25,16777215,Thu Apr 20 04:27:09 2023,0,8473d897,1298932577130185216	,9,说懂哥懂王的，都是一堆臭保皇吧！,说 懂哥 懂 王 ， 都 一堆 臭 保皇 ！
999.54800,1,25,16777215,Wed Apr 19 20:34:17 2023,0,95f3d4d9,1298694572859544832	,9,伊万在哪儿可以看？,伊万 看 ？
7.27900,1,25,16777215,Tue Apr 18 22:47:36 2023,0,f26ae7a0,1298036899482633728	,9,还是人民的名义好看,人民 名义 好看
1064.56400,1,25,16707842,Tue Apr 18 18:56:03 2023,0,c208a6da,1297920357440785920	,9,姐妹，别说梦话了,姐妹 ， 说梦话
997.53400,1,25,16777215,Mon Apr 17 14:42:50 2023,0,b0dfa56,1297068130006237696	,9,“赛博精神病”,“ 赛博 精神病 ”
161.79100,1,25,16777215,Sun Apr 16 12:48:38 2023,0,88d54534,1296285876263241728	,9,把锅甩给资本家和黑帮，把自己的问题甩给内部没有后台的人，转嫁矛盾以及掩盖矛盾,锅 甩 资本家 黑帮 ， 甩 内部 后台 人 ， 转嫁 矛盾 掩盖 矛盾
439.64000,1,25,16777215,Sun Apr 16 06:01:11 2023,0,276157e7,1296080802052092160	,9,“我从美德中汲取力量”,“ 美德 中 汲取 力量 ”
1105.32000,1,25,16777215,Sat Apr 15 17:01:24 2023,0,509a54a0,1295688322261401344	,9,要警惕自我感动,警惕 自我 感动
0.19300,1,25,13839654,Sat Apr 15 13:47:36 2023,0,79c3784c,1295590782061127680	,9,窃钩者诛窃国者诸侯,窃钩者诛 窃国 诸侯
905.87600,1,25,16777215,Fri Apr 14 21:45:27 2023,0,1d1929f1,1295106516520741888	,9,亿万真的有点烂尾，但还是很推荐看 很精彩,亿万 真的 烂尾 ， 很 推荐 看 很 精彩
941.07900,1,25,16777215,Fri Apr 14 01:28:04 2023,0,7a91cb41,1294493788189898240	,9,安欣存在，我就是安欣,安欣 ， 安欣
32.83000,1,25,16777215,Thu Apr 13 09:34:46 2023,0,912ede8d,1294013977277537536	,9,生存之民工 也不错,生存 民工 不错
178.65800,1,25,16777215,Wed Apr 12 17:03:40 2023,0,861553ae,1293515133997792768	,9,窃钩者诛，窃国者诸侯,窃钩者诛 ， 窃国 诸侯
75.56300,1,25,16777215,Wed Apr 12 01:16:18 2023,0,6dd8d78b,1293038312633767680	,9,企业家吧,企业家
1032.62500,1,25,16777215,Tue Apr 11 23:32:28 2023,0,f4be5aff,1292986046807964672	,9,我曾经期待的是医院里那个小男孩方东海,期待 医院 里 小男孩 方 东海
614.74500,1,25,16777215,Tue Apr 11 23:23:35 2023,0,f4be5aff,1292981581106926080	,9,所以高启强死刑前的一段戏很重要，强化他的命运悲剧，而非龙虎兄弟那种死得其所,高启 强 死刑 前 一段 戏 很 ， 强化 命运 悲剧 ， 非 龙虎 兄弟 那种 死得其所
1078.86000,1,25,16777215,Tue Apr 11 13:21:36 2023,0,4464078e,1292678590265494272	,9,求生欲,求生欲
924.87500,1,25,16777215,Sun Apr  9 23:09:11 2023,0,f10233ec,1291524776435079424	,9,就像在封建社会的青天大老爷一样，有用吗？有，但不能改变根源,封建社会 青天 大老爷 ， 有用吗 ？ ， 改变 根源
1026.96600,1,25,16777215,Sun Apr  9 12:27:32 2023,0,dde9146,1291201826091630336	,9,满分阅读理解，学院派很有帝王师资质,满分 阅读 理解 ， 学院派 很 帝王 师 资质
307.67800,5,25,41194,Sat Apr  8 23:03:19 2023,0,22ca3d4e,1290797048894861056	,9,你自由的上位就不能阻止民众联合起来推翻你，这才是自由，杀与被杀的自由,自由 上位 阻止 民众 联合 推翻 ， 这才 自由 ， 杀 杀 自由
192.51800,5,25,41194,Sat Apr  8 22:59:48 2023,0,22ca3d4e,1290795285307719424	,9,窃钩者诛，窃国者为诸侯,窃钩者诛 ， 窃国 诸侯
648.59000,1,25,16777215,Sat Apr  8 22:51:27 2023,0,94e57a8d,1290791082531462144	,9,有高启盛在就不可能,高启 盛 不
601.51300,1,25,16777215,Sat Apr  8 22:02:19 2023,0,88214fe4,1290766350331393536	,9,哈哈了,
590.28400,1,25,16777215,Sat Apr  8 12:49:12 2023,0,5076da11,1290487956590923008	,9,版本为王,版本 王
40.57000,1,25,16777215,Sat Apr  8 12:37:20 2023,0,5076da11,1290481982409009664	,9,因为资本积累意味着夺取工人的剩余价值,资本积累 意味着 夺取 工人 剩余价值
667.66900,1,25,16777215,Thu Apr  6 09:34:27 2023,0,8e133bc0,1288940382331101696	,9,那些体制内的都赚不什么钱,体制 内 都 赚 不 钱
1058.06000,1,25,16777215,Wed Apr  5 14:23:15 2023,0,18d286a4,1288360962596142592	,9,编剧：科幻片,编剧 ： 科幻片
367.73800,1,25,16777215,Wed Apr  5 13:46:28 2023,0,878a5bae,1288342455187761152	,9,生产关系和生产力不相适应,生产关系 生产力 不相适应
675.54700,1,25,16777215,Tue Apr  4 00:13:16 2023,0,f69073a0,1287208381513215744	,9,现在有些企业就是当年公务员应发不出工资下海创业创出来的,企业 当年 公务员 应 发不出 工资 下海 创业 创
1044.99000,1,25,16777215,Mon Apr  3 14:34:11 2023,0,7e5a159,1286916918716368128	,9,那这就播不出来了,就播 不
912.55900,1,25,15138834,Mon Apr  3 11:51:51 2023,0,2a2cba62,1286835215419257344	,9,放屁，你自己没有见到过安欣，自己的心里也没有欣，但不代表安欣不存在,放屁 ， 见到 过安欣 ， 欣 ， 不 代表 安欣 不
628.57000,1,25,15138834,Mon Apr  3 11:45:57 2023,0,2a2cba62,1286832241321803520	,9,不懂就多读书，少tm搁这自以为是的什么刷保护刷不能说的,不 懂 读书 ， 少 tm 搁 自以为是 刷 保护 刷 说
995.14000,1,25,15138834,Sun Apr  2 14:43:01 2023,0,29343b8a,1286196584148880896	,9,未曾设想的道路,未曾 设想 道路
934.64700,1,25,16777215,Sun Apr  2 14:41:02 2023,0,29343b8a,1286195593529898496	,9,这不,不
618.36600,1,25,16777215,Fri Mar 31 05:38:06 2023,0,4c40945,1284472767105967360	,9,父母是国企下岗职工,父母 国企 下岗职工
661.77900,1,25,16777215,Thu Mar 30 15:19:57 2023,0,4e7049d5,1284040852955512064	,9,考公就成祁同伟了,考公 成祁同伟
775.15900,1,25,16777215,Wed Mar 29 22:24:49 2023,0,8e80fec8,1283529916935437568	,9,一部分人扭曲，但是另一部分在社会中也遭受着种种的不公,一部分 人 扭曲 ， 一部分 社会 中 遭受 种种 不公
1038.18300,1,25,16777215,Wed Mar 29 20:36:55 2023,0,ac3c119c,1283475608457882880	,9,黄瑶靠自己力量？高启强拿她当家人，不愿意防她而已，不然早死一百次了,黄瑶 力量 ？ 高启 强 当家人 ， 不 防 ， 早死 一百次
790.38800,1,25,16777215,Wed Mar 29 20:31:25 2023,0,ac3c119c,1283472836694238976	,9,工人？他是鱼贩啊,工人 ？ 鱼贩
1063.93200,1,25,16777215,Tue Mar 28 22:26:44 2023,0,c797a0e6,1282806108654133504	,9,"每个人做好自己, 守住底线, 社会自然就会变好. 我们这么多年不就是这么过来的","人 做好 , 守住 底线 , 社会 自然 就会 变好 . 多年 不"
10.23900,1,25,16777215,Tue Mar 28 22:25:41 2023,0,e56bd7d,1282805578409780992	,9,三体,三体
861.07000,1,25,16777215,Tue Mar 28 22:17:24 2023,0,c797a0e6,1282801405832314112	,9,没有那么多像安欣这样的人，哪有现在键盘侠在这里敲敲敲,多像 安欣 人 ， 哪有 键盘 侠 敲敲 敲
599.91700,1,25,16777215,Tue Mar 28 22:11:36 2023,0,c797a0e6,1282798488148764672	,9,来，弹幕大神给个两全其美的办法呀？,， 弹幕 大神 两全其美 办法 ？
754.22800,1,25,16777215,Tue Mar 28 15:07:23 2023,0,e04a2674,1282584969755300352	,9,鹅鹅鹅,鹅鹅鹅
175.77500,1,25,16777215,Tue Mar 28 12:57:05 2023,0,c84e835f,1282519395142684672	,9,很可能为了洗白的,很 洗白
203.97600,1,25,16777215,Mon Mar 27 22:13:47 2023,0,22cd9527,1282074815687535872	,9,哪里不一样啊当有足够的影响力，高起强顶多算地头蛇的喽喽,不 足够 影响力 ， 高起 强 顶多 算 地头蛇 喽 喽
569.05700,1,25,16777215,Sun Mar 26 19:35:43 2023,0,3b1c3ae4,1281270477171789056	,9,up主，你这个文章有电子版吗？,up 主 ， 文章 电子版 ？
615.09300,1,25,16707842,Sun Mar 26 17:16:38 2023,0,5e1d7b10,1281200477492797185	,9,水和燃气其实已经私有化了,水 燃气 私有化
1033.70000,1,25,16777215,Fri Mar 24 15:07:40 2023,0,2aa54fc,1279686013622736384	,9,笑了，你知道这样要走多少捷径吗？你知道这样要拥有多大的信息差吗？普通人只有是重生者才能办到,笑 ， 走 捷径 ？ 拥有 多大 信息 差 ？ 普通人 重生 才能 办到
993.84500,1,25,16777215,Fri Mar 24 15:05:59 2023,0,2aa54fc,1279685168931899136	,9,这些话很经典，都是导演为了保住自己苟命,话 很 经典 ， 都 导演 保住 苟命
936.20200,1,25,16777215,Fri Mar 24 15:04:29 2023,0,2aa54fc,1279684411054537472	,9,谁敢？没有以亿计的存在反抗，一定会被压制到没有反抗时更加倒退的地步,敢 ？ 亿计 反抗 ， 会 压制 反抗 时 倒退 地步
1104.10900,1,25,16777215,Fri Mar 24 11:43:48 2023,0,445640e0,1279583401426368000	,9,私有制只会瓦解人民的团结，公有制才是人民团结的制度,私有制 只会 瓦解 人民 团结 ， 公有制 才 人民 团结 制度
1050.55300,1,25,16777215,Thu Mar 23 19:30:05 2023,0,fe9e91cf,1279093314016498944	,9,你觉得凯莫尔的胜利是龙傲天剧情吗？,凯莫尔 胜利 龙 傲天 剧情 ？
12.90200,1,25,16777215,Thu Mar 23 14:03:14 2023,0,eeacd8c7,1278928805796422144	,9,超好看！！！！！,超 好看 ！ ！ ！ ！ ！
610.86400,1,25,16777215,Thu Mar 23 00:03:24 2023,0,5ec266a6,1278506106347739904	,9,你现在学高启强有什么用？现在又不是2000年,学 高启 强有 ？ 2000 年
15.30900,1,25,16777215,Wed Mar 22 23:52:54 2023,0,5ec266a6,1278500819041763584	,9,今年2023，现在说这两年已经不包括2021了,2023 ， 说 两年 不 包括 2021
611.59300,1,25,16777215,Tue Mar 21 22:18:26 2023,0,ba343ea6,1277728495623248128	,9,我笑了,笑
599.34400,1,25,16777215,Tue Mar 21 07:13:28 2023,0,2d41cfd3,1277273012051234304	,9,永远是先发生，后才分析的头头是道的，听不下去了,永远 先 发生 ， 后 才 分析 头头是道 ， 听 不
794.25900,1,25,16777215,Mon Mar 20 13:27:30 2023,0,69396992,1276736497285883904	,9,我还是觉得高启强不只有无奈，外部环境的推动和内心的贪欲是相辅相成的,高启 强 不 无奈 ， 外部环境 推动 内心 贪欲 相辅相成
935.42600,1,25,16777215,Sat Mar 18 22:46:39 2023,0,e5fc4c7c,1275568372121368064	,9,认为现实中安欣不存在的人，往往是忽略那些烈士们艰苦的过程，只看到了胜利的果实,现实 中安欣 不 人 ， 忽略 烈士 艰苦 过程 ， 只 胜利 果实
194.17300,1,25,16777215,Sat Mar 18 22:04:32 2023,0,94a1de1e,1275547175375484928	,8,up主鼻子齉齉的感觉不通气,up 主 鼻子 齉 齉 感觉 不 通气
45.48000,1,25,16777215,Sat Mar 18 16:25:14 2023,0,a1b54c52,1275376397552029952	,8,狂飙娱乐吗？我没看错吧,狂飙 娱乐 ？ 没 看 错
0.01000,1,25,16777215,Fri Mar 17 16:50:14 2023,0,89d01cae,1274664202912851200	,8,我觉得风吹半夏也不错,风吹 半夏 不错
777.78900,1,25,16777215,Fri Mar 17 13:04:04 2023,0,7f0b1df7,1274550372219789312	,8,up主是有智慧的，这么好的up主怎么不火？这就是最初的信息时代的特征“娱乐至死”,up 主是 智慧 ， 好 up 主 不火 ？ 最初 信息时代 特征 “ 娱乐 至死 ”
613.80800,1,25,16777215,Fri Mar 17 01:27:31 2023,0,96671e05,1274199791487980800	,8,趁手工具,趁手 工具
145.30100,1,25,16777215,Thu Mar 16 12:43:06 2023,0,8868ea7f,1273815041849797632	,8,？,？
825.87600,1,25,16777215,Thu Mar 16 08:19:30 2023,0,3e8a8a79,1273682372575010304	,8,我喜欢安欣,喜欢 安欣
673.72700,1,25,16777215,Thu Mar 16 08:16:44 2023,0,3e8a8a79,1273680978539213824	,8,先因后果,先因 后果
49.49900,1,25,16777215,Wed Mar 15 20:18:52 2023,0,401a2701,1273319664440794368	,8,可是我连狂飙也没看过,狂飙 没 看过
672.06200,1,25,16777215,Wed Mar 15 18:29:06 2023,0,54c1f7a5,1273264414510265856	,8,那时候哪有考公这条路,哪有 考公 条路
1039.40900,1,25,16777215,Wed Mar 15 09:44:30 2023,0,bcfea87e,1273000374583841536	,8,编剧：对不起 我想不出来 我跟亿万的编剧没什么不同,编剧 ： 对不起 想 不 亿万 编剧 没什么
173.81900,1,25,16777215,Wed Mar 15 07:58:58 2023,0,58faae3c,1272947261877588480	,8,读者,读者
326.36800,1,25,16777215,Tue Mar 14 20:08:22 2023,0,b31fe3e8,1272589603610030336	,8,美国商业大亨,美国 商业 大亨
638.81200,1,25,16777215,Tue Mar 14 19:13:54 2023,0,98c579e1,1272562186232916480	,8,保护,保护
84.48300,1,25,16777215,Tue Mar 14 13:55:45 2023,0,94171833,1272402059726956800	,8,美国往事,美国 往事
1107.14100,1,25,16777215,Tue Mar 14 12:21:48 2023,0,1c646009,1272354770971390208	,8,现实中，有这样社会背景和社会关系的“安欣”同样也会是安全的,现实 中 ， 社会 背景 社会关系 “ 安欣 ” 会
881.53000,1,25,16777215,Tue Mar 14 10:35:36 2023,0,bb4825b8,1272301323291080960	,8,单纯你不是而已,单纯
1043.91400,1,25,16777215,Tue Mar 14 01:03:48 2023,0,b30fe9f2,1272013525845348096	,8,科幻剧情吗,科幻 剧情
379.53300,1,25,16777215,Mon Mar 13 23:01:55 2023,0,80ca64a8,1271952175458789632	,8,徐江啊,徐江
289.60600,1,25,16777215,Mon Mar 13 18:37:01 2023,0,c4004397,1271818849758683904	,8,+,+
608.95900,1,25,16777215,Mon Mar 13 13:56:09 2023,0,a119bf68,1271677485498564352	,8,求生之路,求生 路
196.09900,1,25,16777215,Mon Mar 13 12:17:52 2023,0,e5367405,1271628019706353408	,8,混乱的时代只有成王败寇，没有原始积累，再高远的理想都是个屁,混乱 时代 成王败寇 ， 原始积累 ， 再 高远 理想 都 屁
1046.73300,1,25,16777215,Mon Mar 13 11:04:34 2023,0,57de95a8,1271591123923903488	,8,全剧最恶心就是这个女的,全剧 最 恶心 女
616.82700,1,25,16777215,Sun Mar 12 16:10:00 2023,0,b7dfd52,1271020075943640832	,8,自己观点和up不一样就直说，别强行讲求生欲什么的,观点 up 不 直说 ， 强行 讲 求生欲
622.06900,1,25,16777215,Sun Mar 12 12:42:02 2023,0,8727d4cf,1270915405879670272	,8,叠甲抗伤保命而已，别急,叠甲 抗伤 保命 ， 别急
607.98600,1,25,16777215,Sun Mar 12 12:41:35 2023,0,8727d4cf,1270915180578027264	,8,好好好,好好 好
200.68300,1,25,16777215,Sun Mar 12 11:25:38 2023,0,107880f,1270876953766898688	,8,世界本质就是弱肉强食，人的都慕强的,世界 本质 弱肉强食 ， 人 都 慕强
1037.46500,1,25,16777215,Sun Mar 12 11:19:05 2023,0,8d451554,1270873654997441536	,8,怎么可能啊，异想天开，剧本都不敢写,， 异想天开 ， 剧本 都 写
860.39100,5,25,16776960,Sun Mar 12 02:29:59 2023,0,7ff74d55,1270607347957756160	,8,不要因为阴暗角落就怀疑太阳存在，高大上和小而美不冲突，真实世界里就是同时有很好很坏的人,阴暗 角落 怀疑 太阳 ， 高大 上 小 美 不 冲突 ， 真实世界 里 很 好 很 坏 人
784.02900,5,25,16776960,Sun Mar 12 02:26:22 2023,0,7ff74d55,1270605526019247360	,8,还在自己承受的范围内忍受，你们连市场时期的唐小龙都忍受不了,还 承受 内 忍受 ， 市场 时期 唐 小龙 都 忍受 不了
5.91000,5,25,16777215,Sun Mar 12 02:09:12 2023,0,7ff74d55,1270596887791259392	,8,那你就是为了文案写了，狂飙后三分之一质量很一般,文案 写 ， 狂飙 后 三分之一 质量 很
606.73900,1,25,16777215,Sat Mar 11 18:10:09 2023,0,1cbaa89e,1270355777932477184	,8,卸磨杀驴,卸磨杀驴
24.67800,1,25,16777215,Sat Mar 11 15:38:16 2023,0,c08c7674,1270279326868232448	,8,三体好看！,三体 好看 ！
607.45500,1,25,16777215,Fri Mar 10 19:48:41 2023,0,fafba937,1269680592958801152	,8,哈哈哈哈哈哈哈哈哈哈哈哈哈哈,哈哈哈哈 哈哈哈哈 哈哈哈 哈哈哈
150.96000,1,25,16777215,Fri Mar 10 13:33:36 2023,0,b017daff,1269491810095791360	,8,高启强只是没洗白,高启 强 没洗 白
1043.34100,1,25,16777215,Fri Mar 10 12:55:32 2023,0,e3b76f49,1269472649189584128	,8,这根本不可能，无论如何都不可能,不 ， 无论如何 都 不
766.33500,1,25,16777215,Fri Mar 10 11:33:05 2023,0,b9539778,1269431146467747072	,8,打不过就只能加入,只能
476.03700,1,25,16777215,Fri Mar 10 11:01:16 2023,0,2de8c225,1269415140022124800	,8,谭思言没背景还这么刚,谭思言 没 背景 还 刚
410.93600,1,25,16777215,Fri Mar 10 10:38:39 2023,0,2de8c225,1269403756337131520	,8,你看过剧吗？,看过 剧 ？
378.82200,1,25,16777215,Fri Mar 10 09:53:42 2023,0,5732e0d6,1269381125978159616	,8,杜江？,杜江 ？
1035.07000,1,25,16777215,Fri Mar 10 00:13:30 2023,0,a9323202,1269089103627074560	,8,要斗倒坏人，只能比坏人更坏,斗倒 坏人 ， 只能 坏人 更坏
958.20900,1,25,16777215,Fri Mar 10 00:11:02 2023,0,a9323202,1269087859009538816	,8,也可能是一袋洗衣粉,一袋 洗衣粉
713.89400,1,25,16777215,Fri Mar 10 00:06:05 2023,0,a9323202,1269085369807208192	,8,江门是哪个省啊？,江门 省 ？
1059.64500,1,25,16777215,Thu Mar  9 23:24:01 2023,0,7c4c6ca8,1269064199401963520	,8,这是否,
992.95800,1,25,38979,Thu Mar  9 23:22:54 2023,0,7c4c6ca8,1269063637088326656	,8,赛博精神病是吧,赛博 精神病
597.88700,1,25,16707842,Thu Mar  9 23:14:13 2023,0,7c4c6ca8,1269059269341432576	,8,嗨呀，大家都在哪聊天呀？,嗨 ， 都 聊天 ？
397.78500,1,25,16777215,Thu Mar  9 23:09:57 2023,0,7c4c6ca8,1269057117646981376	,8,这不起飞咯,不 起飞 咯
583.27600,1,25,16777215,Thu Mar  9 20:03:19 2023,0,33c58a29,1268963182198917632	,8,分析的牛逼,分析 牛 逼
610.85700,1,25,16777215,Thu Mar  9 17:44:00 2023,0,398cd3ac,1268893063149860608	,8,这话我曾经相信,这话
182.14900,1,25,16777215,Wed Mar  8 12:36:07 2023,0,7893e9d2,1268013327473563904	,8,呵呵洗白,呵呵 洗白
543.55800,1,25,16777215,Wed Mar  8 11:59:14 2023,0,2ffc44a4,1267994759323209728	,8,刚拆迁的我看莽村这一段觉得太真实了,刚 拆迁 看莽 村 一段 太 真实
1083.50300,1,25,16777215,Wed Mar  8 11:34:16 2023,0,17decc1c,1267982190302822656	,8,天真幼稚,天真 幼稚
594.59700,1,25,16777215,Wed Mar  8 11:24:14 2023,0,17decc1c,1267977145217498112	,8,不得不做出的牺牲vs原始积累,不得不 做出 牺牲 vs 原始积累
304.88300,1,25,16777215,Wed Mar  8 11:16:12 2023,0,17decc1c,1267973103602932224	,8,地主,地主
1041.51800,1,25,16777215,Wed Mar  8 07:25:28 2023,0,b600999a,1267856966655572224	,8,你听过沉默的真相吗,听 沉默 真相
25.64200,1,25,16777215,Wed Mar  8 00:57:00 2023,0,4352c026,1267661445634595584	,8,开端也好看,开端 好看
611.65300,1,25,16777215,Wed Mar  8 00:29:58 2023,0,cefffdcc,1267647841560702208	,8,哈哈哈哈 笑死,哈哈哈哈 笑 死
1052.99100,1,25,16777215,Tue Mar  7 21:39:28 2023,0,ee71048e,1267562028877436672	,8,黄瑶使用的手段不合法，但如果不是他拿出了账本，高启强到最后依然是有全身而退的可能性的，至少润掉的可能性还是有的,黄瑶 手段 不 合法 ， 拿出 账本 ， 高启 强 依然 全身而退 可能性 ， 至少 润 掉 可能性
730.62800,1,25,16777215,Tue Mar  7 21:32:20 2023,0,ee71048e,1267558432001718784	,8,太穷，太自卑，太富，太疯狂,太穷 ， 太 自卑 ， 太富 ， 太 疯狂
111.84600,5,25,41194,Tue Mar  7 18:11:21 2023,0,bfe7648,1267457277242244608	,8,辩证,辩证
629.93500,1,25,16777215,Tue Mar  7 18:05:50 2023,0,9b915efe,1267454501636705792	,8,弹幕们简直比窦娥还冤,弹幕 简直 比窦娥 还 冤
633.34900,1,25,16777215,Tue Mar  7 16:57:12 2023,0,adaf2cc7,1267419957701265152	,8,《钢的琴》,《 钢 琴 》
788.73400,1,25,16777215,Tue Mar  7 16:12:14 2023,0,1471a6b0,1267397320262492160	,8,我很不喜欢高家团伙，因为我面对这些人，我可能就是被悄无声息干掉的,很 不 喜欢 高家 团伙 ， 面对 人 ， 悄无声息 干掉
1053.93300,1,25,15138834,Tue Mar  7 15:25:48 2023,0,24cb94af,1267373952175570688	,8,这是二十多年前的事情，不要说当下。当下最重要的就是慢一点再慢一点停下来等等跟不上的灵魂,这是 二十多年 前 事情 ， 说 当下 。 当下 最 慢 一点 再慢 一点 停下来 跟不上 灵魂
1043.22400,1,25,16777215,Tue Mar  7 14:55:25 2023,0,4349d1e,1267358664054880512	,8,那就变成科幻剧了,科幻 剧
225.12300,1,25,16777215,Tue Mar  7 14:10:11 2023,0,12fe5c29,1267335897188553472	,8,旋转门！！！！,旋转门 ！ ！ ！ ！
1044.09700,1,25,16777215,Tue Mar  7 13:52:27 2023,0,6eca8795,1267326967800510464	,8,科幻剧是吧,科幻 剧是
1106.40800,1,25,16777215,Tue Mar  7 12:24:10 2023,0,ff39709e,1267282535273391104	,8,这个演员好像柳传志啊,演员 好像 柳传志
619.86500,1,25,16777215,Tue Mar  7 12:23:32 2023,0,a0865c69,1267282215381843712	,8,可以拉黑了,拉 黑
420.41300,1,25,16777215,Tue Mar  7 12:12:32 2023,0,ff39709e,1267276675696370688	,8,保利,保利
633.28200,1,25,16777215,Tue Mar  7 10:16:51 2023,0,66b2bd5a,1267218453027512320	,8,笑的人 在哪高就,笑 人 高
23.84700,1,25,16777215,Mon Mar  6 23:22:42 2023,0,2b3acab9,1266889205313841920	,8,亿万！,亿万 ！
801.38300,1,25,16777215,Mon Mar  6 21:37:35 2023,0,d34f21dc,1266836303958297856	,8,能落得善终的，大多都财产转移去美国了,落得 善终 ， 大多 都 财产 转移 去 美国
16.01300,1,25,16777215,Mon Mar  6 21:33:23 2023,0,f60b1ea6,1266834186665446400	,8,沉默的真相比这个好,沉默 真 相比 好
608.09100,1,25,16777215,Mon Mar  6 20:08:38 2023,0,d92abe27,1266791534368429056	,8,哈哈,
999.91200,1,25,15138834,Mon Mar  6 18:45:20 2023,0,ee1b6f8b,1266749608223087360	,8,风浪越大 鱼越贵,风浪 越大 鱼越 贵
317.37400,1,25,16777215,Mon Mar  6 18:33:04 2023,0,ee1b6f8b,1266743435256163328	,8,一将功成万骨枯,一将 功成 万骨 枯
608.74900,5,25,15138834,Mon Mar  6 17:19:51 2023,0,c8e6aa19,1266706583304455936	,8,弹幕里有人已经开始发癫了,弹幕 里 有人 发癫
149.65100,1,25,16777215,Mon Mar  6 13:25:01 2023,0,7ade6f01,1266588382675576320	,8,能洗白的才是强者,洗白 才 强者
382.65400,1,25,16777215,Sun Mar  5 21:52:38 2023,0,94afdfb0,1266119097176201728	,8,南北战争说是解放黑奴，本质上是解放工业化所需要的劳动力，是新工业生产力对旧种植生产力的清算,南北战争 说 解放 黑奴 ， 本质 上 解放 工业化 劳动力 ， 新 工业 生产力 旧 种植 生产力 清算
1074.98300,1,25,16777215,Sun Mar  5 20:41:27 2023,0,949fc43d,1266083270916073216	,8,好多犬儒啊,好多 犬儒
418.31400,1,25,16777215,Sun Mar  5 19:20:15 2023,0,eefa285b,1266042403790723328	,8,贾江,贾江
606.68900,1,25,16777215,Sun Mar  5 17:51:20 2023,0,98885450,1265997647890701568	,8,哈哈,
627.19600,1,25,16777215,Sun Mar  5 12:11:16 2023,0,6c3aaf16,1265826489551645952	,8,升华了,升华
836.03800,1,25,16777215,Sun Mar  5 10:59:30 2023,0,6b67ec18,1265790368859820800	,8,老钱都不懂是怎么到这个视频来的？,老钱 都 不 懂 视频 ？
874.25900,1,25,16777215,Sun Mar  5 04:03:18 2023,0,f6b8f8f,1265580885168931840	,8,这个不敢苟同,不敢苟同
776.15400,1,25,16777215,Sun Mar  5 00:10:15 2023,0,18ec9c64,1265463590669222144	,8,乖重自身的幼稚病,乖重 幼稚病
1043.00200,5,25,16777215,Sat Mar  4 23:03:58 2023,0,e0530f9b,1265430228134866432	,8,什么龙傲天剧情,龙傲 天 剧情
122.96700,1,25,16777215,Sat Mar  4 22:47:04 2023,0,e0530f9b,1265421721641519872	,8,其实是高企强和它们没有任何区别（你细品,高 企强 区别 （ 细品
600.54200,1,25,16777215,Sat Mar  4 21:35:09 2023,0,885e9115,1265385525167286784	,8,其实赵立冬落网看地图的时候就有这一隐喻了、,赵 立冬 落网 看 地图 隐喻 、
1106.45200,1,25,16777215,Sat Mar  4 20:15:15 2023,0,afc7b213,1265345310641815040	,8,你猜有多少个“明白了”？,猜 “ 明白 ” ？
681.99900,1,25,16777215,Sat Mar  4 14:32:40 2023,0,73857565,1265172880422195968	,8,那时候公务员是大学分配的,公务员 大学 分配
489.31900,1,25,16777215,Fri Mar  3 23:09:17 2023,0,2316da42,1264708127514042624	,8,确实,确实
596.18400,1,25,16777215,Fri Mar  3 19:55:37 2023,0,81d31ef2,1264610655026394112	,8,好,好
13.71900,1,25,16777215,Fri Mar  3 17:02:36 2023,0,2feaa40d,1264523569086412800	,8,狂飙确实是近年最好的,狂飙 确实 近年
1046.33500,1,25,16777215,Fri Mar  3 16:50:21 2023,0,14215f5e,1264517401807329792	,8,理想,理想
1048.25800,1,25,16777215,Fri Mar  3 11:12:14 2023,0,96f6685d,1264347224331215872	,8,你这么拍就过不了审。。。,拍 不了 审 。 。 。
942.49100,1,25,16777215,Thu Mar  2 20:38:57 2023,0,f1f691b8,1263907685582501120	,8,dollar杀的人可不比刀少,dollar 杀 人 可不 比刀少
10.91400,1,25,16777215,Thu Mar  2 11:27:52 2023,0,ef281c00,1263630318204812544	,8,别尬吹，逻辑混乱，致命bug过多，就是依靠“老戏骨” 噱头 炒起来的！,别尬 吹 ， 逻辑 混乱 ， 致命 bug 过多 ， “ 老戏骨 ” 噱头 炒起来 ！
1057.76000,1,25,16777215,Thu Mar  2 00:11:35 2023,0,57575dc5,1263289930185175040	,8,这不是风凉话是现实,风凉话 现实
796.87900,1,25,16777215,Thu Mar  2 00:06:29 2023,0,ba4e184c,1263287366357908224	,8,所以，人的命运和国家的命运紧密联系,， 人 命运 国家 命运 紧密联系
942.35500,1,25,16777215,Thu Mar  2 00:06:22 2023,0,57575dc5,1263287307721915392	,8,希望不多，只有同化,希望 不 ， 同化
676.05900,1,25,16777215,Thu Mar  2 00:04:10 2023,0,ba4e184c,1263286201440288768	,8,那会毫无礼义廉耻，只想着赚钱,那会 毫无 礼义廉耻 ， 只 想着 赚钱
610.90600,1,25,16777215,Wed Mar  1 22:52:39 2023,0,9244e36b,1263250201788095232	,8,你现实遇到了？你说出来啊？搁着虚空索敌,现实 ？ 说 ？ 搁着 虚空 索敌
1012.12800,1,25,16777215,Wed Mar  1 21:25:09 2023,0,ec6b92bd,1263206161654627328	,8,美国精神病人 今天才看,美国 精神病人 才 看
348.68300,1,25,16777215,Wed Mar  1 21:12:11 2023,0,4159beb,1263199637892826112	,8,300%利润时 道德堵在面前,300% 利润 时 道德 堵 面前
275.76700,1,25,16777215,Wed Mar  1 21:10:31 2023,0,4159beb,1263198799141434112	,8,我捣我自己,捣
166.97600,1,25,16777215,Wed Mar  1 21:08:28 2023,0,4159beb,1263197768088935168	,8,高启强也是犹太昂撒是吧,高启 强 犹太 昂撒
735.30700,1,25,16777215,Wed Mar  1 20:41:17 2023,0,1014c54f,1263184084860274432	,8,取决于自身环境，环境是怎么样人就是怎么样,取决于 环境 ， 环境 人
26.45900,1,25,16777215,Wed Mar  1 18:14:26 2023,0,47a6420f,1263110171476010496	,8,还是和韩剧比较吧，文化底蕴接近,韩剧 ， 文化底蕴 接近
218.38100,1,25,16777215,Wed Mar  1 14:59:21 2023,0,2f481841,1263011987416648192	,8,有奶便是娘,有奶便是娘
997.14800,1,25,16777215,Wed Mar  1 14:57:22 2023,0,cba839fe,1263010984683932928	,8,但其实是axe和chunk了解但都不想改变这个结构，因为他们都是结构的受益者,axe chunk 都 不想 改变 结构 ， 都 结构 受益者
499.43200,1,25,16777215,Wed Mar  1 14:46:02 2023,0,53dcb4b,1263005281370119168	,8,李宏伟一出场就诠释啥叫演技，就是不用演。,李宏伟 一出场 诠释 演技 ， 不用 演 。
711.66200,1,25,16777215,Wed Mar  1 14:22:37 2023,0,526c3cc3,1262993494889375744	,8,是江门好吗！！！！,江门 好 ！ ！ ！ ！
826.16000,1,25,16777215,Wed Mar  1 13:59:25 2023,0,522fcea8,1262981820178597888	,8,老钱=old money,老钱 = old money
30.51900,1,25,16777215,Wed Mar  1 13:57:38 2023,0,3d49bd08,1262980926271453952	,8,好截图,好 截图
321.90400,1,25,16777215,Wed Mar  1 11:47:12 2023,0,80dca7b2,1262915276186533120	,8,如果原始积累的方式相同，这就是和平演变,原始积累 方式 ， 和平演变
200.56000,1,25,16777215,Wed Mar  1 11:43:44 2023,0,80dca7b2,1262913530492298240	,8,那是因为高启强不够大,是因为 高启 强 大
137.11500,1,25,16777215,Wed Mar  1 11:41:44 2023,0,80dca7b2,1262912523238380288	,8,东莞经济带,东莞 经济带
656.78700,1,25,16777215,Wed Mar  1 10:54:15 2023,0,e4771e12,1262888621410055168	,8,救命，那年代那有机会考,救命 ， 年代 那有 机会 考
126.77900,1,25,16777215,Wed Mar  1 10:41:48 2023,0,11494240,1262882358198274816	,8,斯坦福,斯坦福
609.77900,1,25,16777215,Wed Mar  1 10:40:29 2023,0,1b62bf50,1262881689693390848	,8,哈哈哈哈哈哈,哈哈哈 哈哈哈
1037.80600,1,25,16777215,Wed Mar  1 10:11:39 2023,0,8368c363,1262867178517078272	,8,你说的其实已经有了，就是先锋队,说 ， 先锋队
613.67300,1,25,16777215,Wed Mar  1 08:51:56 2023,0,e7263ec9,1262827056778437632	,8,前面的那个也就只能笑笑而已，又憋不出什么屁来,只能 笑笑 ， 憋 不出 屁来
1044.97200,1,25,16777215,Wed Mar  1 04:00:20 2023,0,c187aff4,1262680294331703296	,8,做梦？,做梦 ？
24.85100,1,25,16777215,Wed Mar  1 03:25:12 2023,0,6ab951a4,1262662605776911872	,8,亿万也不错，但更直白一些,亿万 不错 ， 更 直白
6.53900,1,25,16777215,Wed Mar  1 02:25:13 2023,0,fd6ca68f,1262632421334360064	,8,对我来说略逊于三体,来说 略逊 于三体
782.40300,1,25,16777215,Tue Feb 28 23:37:58 2023,0,9fff48a0,1262548242089168128	,8,终于明白了为什么剧名叫狂飙了,终于 明白 剧 名叫 狂飙
1078.03600,1,25,16777215,Tue Feb 28 22:56:43 2023,0,9b8563a6,1262527474253069824	,8,我回头？,回头 ？
604.01900,1,25,16777215,Tue Feb 28 22:39:27 2023,0,c409fff,1262518784711878656	,8,现实就是更加无底,现实 无 底
108.24800,1,25,16777215,Tue Feb 28 22:09:23 2023,0,b173ef33,1262503652912793856	,8,怪不得要对比,怪不得 对比
209.85200,1,25,16777215,Tue Feb 28 20:42:31 2023,0,bfed41c2,1262459928434899712	,8,都希望回到混乱的时代，一辈子打拼才有回报,都 希望 回到 混乱 时代 ， 一辈子 打拼 才 回报
832.22200,1,25,16777215,Tue Feb 28 20:16:09 2023,0,33e99e5b,1262446660961757440	,8,前面的 老钱…old money,老钱 … old money
318.72200,1,25,16777215,Tue Feb 28 19:44:18 2023,0,e3f1bed,1262430631170964992	,8,纯简拉基茨德,纯简 拉基 茨 德
39.21400,1,25,16777215,Tue Feb 28 18:53:27 2023,0,da2d5f2b,1262405038316642304	,8,三体我推荐了亲戚朋友包括我，全都看不下去,三体 推荐 亲戚朋友 包括 ， 全都 看不下去
41.41900,1,25,15138834,Tue Feb 28 18:03:57 2023,0,85d01ba0,1262380124477831424	,8,解决？,解决 ？
13.05200,1,25,16777215,Tue Feb 28 18:01:54 2023,0,90d7e345,1262379090833620224	,8,看了狂飙觉的都是理所当然,看 狂飙 觉 都 理所当然
628.39200,1,25,16777215,Tue Feb 28 17:19:56 2023,0,eb014940,1262357970508272896	,8,去上两天班就知道了,去 上 两天 班
684.06300,1,25,16777215,Tue Feb 28 17:04:56 2023,0,d6a45c48,1262350421700365824	,8,他真的很聪明,真的 很 聪明
933.51100,1,25,16777215,Tue Feb 28 16:34:51 2023,0,a7547823,1262335279323518464	,8,总有希望的,总有 希望
201.07500,1,25,16777215,Tue Feb 28 16:07:16 2023,0,8a4bff6d,1262321390497936640	,8,说高启强差不多也成为全民偶像的，大可不必。,说 高启 强 差不多 全民 偶像 ， 大可不必 。
5.47500,1,25,16777215,Tue Feb 28 15:43:11 2023,0,f2e76098,1262309273766346496	,8,因为这两年没啥电视剧可看,两年 没 电视剧 看
1029.57700,1,25,16777215,Tue Feb 28 15:28:13 2023,0,80c7e261,1262301741358449408	,8,这个真是mvp,mvp
771.94800,1,25,16777215,Tue Feb 28 15:25:39 2023,0,469ebbe1,1262300445192618240	,8,难说,难说
912.36300,5,25,16707842,Tue Feb 28 12:33:36 2023,0,a0610ebe,1262213855187501824	,7,安欣是一群人的缩影，安欣在现实中无处不在，是无数个来自人民的勇者，保卫着这个国家和人民,安欣 一群 人 缩影 ， 安欣 现实 中 无处不在 ， 无数个 来自 人民 勇者 ， 保卫 国家 人民
491.00500,1,25,16777215,Tue Feb 28 12:28:20 2023,0,be5e7c64,1262211203372041984	,7,竞争从来没有公平可言,竞争 从来 公平 可言
8.13100,1,25,16777215,Tue Feb 28 12:20:48 2023,0,3c0a2b48,1262207405388006400	,7,你把觉醒年代放哪儿？,觉醒 年代 放 ？
53.13700,1,25,16777215,Tue Feb 28 12:16:16 2023,0,b8e1fe36,1262205127067413504	,7,既然有人讲亿万，赞。,有人 讲 亿万 ， 赞 。
1087.39800,1,25,16777215,Tue Feb 28 12:14:29 2023,0,afa50654,1262204231910385664	,7,up主什么时候这么假了,up 主 假
39.61900,5,25,16707842,Tue Feb 28 11:31:27 2023,0,2d235868,1262182571140408576	,7,别吵架,吵架
149.68000,1,25,16777215,Tue Feb 28 11:24:00 2023,0,8cf4fa7f,1262178820937557760	,7,范德比尔特 江湖人称范德彪,范德比尔 特 江湖人称 范德彪
166.67900,1,25,16777215,Tue Feb 28 08:02:10 2023,0,be1345ca,1262077236690129408	,7,美国铁路下的冤魂,美国 铁路 下 冤魂
1064.39100,1,25,16777215,Tue Feb 28 02:04:40 2023,0,a904e8a9,1261897300184458240	,7,年轻人，愿望是美好的。,年轻人 ， 愿望 美好 。
50.23700,1,25,16777215,Tue Feb 28 00:25:41 2023,0,345d04ed,1261847476265285888	,7,这是人的欲望造成的,人 欲望
873.76600,1,25,16777215,Mon Feb 27 23:55:03 2023,0,c1ea3dbf,1261832056753639936	,7,不是，你不知道很多中层阶级的子女都很悲天悯人嘛，因为他们不用管自己才有心情怜悯,， 不 很多 中层阶级 子女 都 很 悲天悯人 ， 不用 才 心情 怜悯
1044.66700,1,25,16777215,Mon Feb 27 23:40:22 2023,0,90bf49a1,1261824667346530816	,7,我想到默读了hhh其实费渡就是这样子的,想到 默读 hhh 费渡 样子
12.64400,1,25,16777215,Mon Feb 27 22:36:10 2023,0,222ac65b,1261792360434571008	,7,好家伙值得观看,好家伙 值得 观看
409.23500,1,25,16777215,Mon Feb 27 22:31:10 2023,0,78ee0c5d,1261789839137925120	,7,up主有鼻炎吗,up 主有 鼻炎
1077.32600,1,25,16776960,Mon Feb 27 22:18:32 2023,0,f0349045,1261783479306437632	,7,自我什么？,自我 ？
945.02100,4,25,16707842,Mon Feb 27 19:28:31 2023,0,a931c817,1261697913675881984	,7,老美dddd,老美 dddd
612.30600,5,25,15138834,Mon Feb 27 19:22:40 2023,0,a931c817,1261694969056788736	,7,说心照不宣的，你的水电燃气通讯关键行业没有国有你能用得起？,说 心照不宣 ， 水电 燃气 通讯 关键 行业 国有 ？
7.65900,1,25,16777215,Mon Feb 27 16:54:14 2023,0,62ad1263,1261620253637546496	,7,异物志才是最好看的,异物 志才 最 好看
31.47900,1,25,15138834,Mon Feb 27 15:48:10 2023,0,3fe0baa6,1261587005104670464	,7,亿万找了资源5分钟都没看完就删了,亿万 找 资源 5 分钟 都 没 看 完 删
1069.60700,1,25,16777215,Mon Feb 27 15:14:32 2023,0,e7e036f,1261570072825238016	,7,他们不敢,
55.63300,1,25,16777215,Mon Feb 27 14:52:26 2023,0,7c066cfc,1261558951921583104	,7,听成了艾死。。。。。。,听成 艾死 。 。 。 。 。 。
614.56700,1,25,16777215,Mon Feb 27 14:38:00 2023,0,adcf147e,1261551686657732352	,7,懂你意思,懂
629.22100,1,25,16777215,Mon Feb 27 13:20:41 2023,0,a2e3e13c,1261512770990879744	,7,启强爹是烧锅炉的家暴男,启强 爹 烧 锅炉 家暴 男
675.40900,1,25,16777215,Mon Feb 27 12:42:01 2023,0,365b53bb,1261493315493336320	,7,现在都想考编了,都 想 考编
139.52900,1,25,16777215,Mon Feb 27 12:32:50 2023,0,365b53bb,1261488690560199424	,7,范德林德,范德林 德
1067.28500,1,25,16777215,Mon Feb 27 10:36:32 2023,0,1000746,1261430152907463168	,7,她要是不杀大嫂大家也不会说什么,不杀 大嫂 说
1047.27900,1,25,16777215,Mon Feb 27 10:30:50 2023,0,7fe5e93f,1261427283541934848	,7,不是掌权者，用法内对抗法外，你怎么赢？你凭什么？,掌权者 ， 用法 内 对抗 法外 ， 赢 ？ ？
830.05700,1,25,16777215,Mon Feb 27 08:46:21 2023,0,ae5bec07,1261374696122216704	,7,axe一开始是马赛骑马的 因为有交易天赋才被看上的 本来家庭环境很一般,axe 马赛 骑马 交易 天赋 才 看 上 本来 家庭环境 很
56.04100,1,25,16777215,Mon Feb 27 08:32:32 2023,0,ae5bec07,1261367744683985920	,7,但是烂尾了呀,烂尾
583.30600,1,25,16777215,Mon Feb 27 08:11:39 2023,0,506dfe43,1261357234370388992	,7,硬说的话，这个剪刀差是史无前例的大,硬 说 ， 剪刀差 史无前例 大
25.89300,1,25,16777215,Mon Feb 27 01:10:47 2023,0,49411826,1261145405786422528	,7,名义和沉默的真相都比这一部好多了,名义 沉默 真相 都 一部 好多
11.41900,1,25,16777215,Mon Feb 27 00:04:33 2023,0,111381be,1261112065918026496	,7,扫黑风暴也不错,扫黑 风暴 不错
1047.35000,1,25,16777215,Sun Feb 26 23:22:23 2023,0,9450226f,1261090846657479424	,7,她杀了大嫂，我绝不原谅,杀 大嫂 ， 绝不 原谅
223.64500,1,25,16777215,Sun Feb 26 23:22:13 2023,0,30ad4418,1261090760414206976	,7,高启钱现实原型上过08年奥运会直播 四川火炬手,高启 钱 现实 原型 上过 08 年 奥运会 直播 四川 火炬手
102.09300,1,25,16777215,Sun Feb 26 23:21:13 2023,0,bdedcca0,1261090258800780544	,7,美国商业大亨传奇纪录片,美国 商业 大亨 传奇 纪录片
1044.77900,1,25,16777215,Sun Feb 26 22:47:47 2023,0,d3c32a89,1261073428526505728	,7,这样太不现实了,太 不 现实
1074.29900,1,25,16777215,Sun Feb 26 22:45:36 2023,0,f739245d,1261072330759952640	,7,up最好知道自己在说什么，你头铁，你不害怕，你去冲第一线吧，我们支持你，加油哟,up 说 ， 头 铁 ， 不 害怕 ， 去 第一线 ， 支持 ， 加油
1069.97200,1,25,16777215,Sun Feb 26 22:34:49 2023,0,4afc4e04,1261066899882658304	,7,我不懂你们在笑什么，如果现在不可能，那更应该努力不是么？,不 懂 笑 ， 不 ， 更 努力 ？
1061.60900,1,25,16777215,Sun Feb 26 22:33:38 2023,0,4afc4e04,1261066309735694592	,7,所有人努力，一定是充满希望的,所有人 努力 ， 充满希望
848.68900,1,25,16777215,Sun Feb 26 22:33:28 2023,0,150b6af0,1261066222695717120	,7,马后炮，一堆瞎扯淡，没什么用,马后炮 ， 一堆 瞎 扯淡 ， 没什么
383.73900,1,25,16777215,Sun Feb 26 20:11:52 2023,0,5eb8d720,1260994956454120960	,7,杜江谁啊？,杜江 ？
1045.20900,1,25,16777215,Sun Feb 26 20:08:16 2023,0,e873557c,1260993137644576000	,7,？？？,？ ？ ？
825.37600,1,25,16777215,Sun Feb 26 19:01:20 2023,0,2b475232,1260959455529798400	,7,老钱？还老孙呢,老钱 ？ 还 老孙
974.98200,1,25,16777215,Sun Feb 26 18:52:27 2023,0,82a3d112,1260954981230618624	,7,。。。。,。 。 。 。
645.71200,1,25,16777215,Sun Feb 26 18:50:17 2023,0,2b475232,1260953892800602112	,7,病是能预防的知道不？,病是 预防 不 ？
610.41600,1,25,16777215,Sun Feb 26 18:47:49 2023,0,2b475232,1260952646639094016	,7,学院派说话就是那么的不接地气,学院派 说话 不 接地 气
490.94200,1,25,16777215,Sun Feb 26 18:42:04 2023,0,2b475232,1260949755756975872	,7,用商人的思维管理社会，可不就这样么,商人 思维 管理 社会 ， 可不
89.29900,1,25,16777215,Sun Feb 26 18:37:23 2023,0,4b9a010c,1260947395806972416	,7,教父：给你一个无法拒绝的条件,教父 ： 一个 拒绝 条件
397.02200,1,25,16777215,Sun Feb 26 18:36:27 2023,0,2b475232,1260946931245394432	,7,高启强：别乱扣帽子，但凡我有个正经工作也不至于如此,高启 强 ： 乱扣帽子 ， 但凡 正经 工作 不至于
374.82200,1,25,16777215,Sun Feb 26 18:35:01 2023,0,2b475232,1260946210496419840	,7,一样也不一样,不
188.22800,1,25,16777215,Sun Feb 26 18:33:30 2023,0,83f08177,1260945443198843136	,7,赚钱嘛，不寒碜,赚钱 ， 不 寒碜
266.98200,1,25,16777215,Sun Feb 26 18:31:39 2023,0,2b475232,1260944508993099520	,7,高启强：我就一卖鱼的，跟他们不认识,高启 强 ： 一卖 鱼 ， 不
91.42200,1,25,16777215,Sun Feb 26 18:26:12 2023,0,2b475232,1260941769164867328	,7,美国：这都能带上我？,美国 ： 都 带上 ？
681.75100,1,25,16777215,Sun Feb 26 17:50:01 2023,0,efa3021b,1260923560130817280	,7,那时候还没有考公一说。都是子女接班。,还 考公一 说 。 都 子女 接班 。
562.02800,1,25,16777215,Sun Feb 26 17:45:51 2023,0,efa3021b,1260921461233935616	,7,莽村应该要强盛集团的股份,莽村 强盛 集团 股份
18.81900,1,25,16777215,Sun Feb 26 17:38:40 2023,0,f222f5d9,1260917848856090624	,7,刚说几句就说up过度解读 你在怕啥呢？,刚说 几句 说 up 过度 解读 怕 ？
32.04800,1,25,16777215,Sun Feb 26 17:14:44 2023,0,efa3021b,1260905799895748608	,7,狂飙看不下去，有些人物行为不大符合人性，很违和。显微镜下的大明看得欲罢不能。,狂飙 看不下去 ， 人物 不 大 符合 人性 ， 很违 。 显微镜 下 大明 看 欲罢不能 。
1093.46000,1,25,16777215,Sun Feb 26 16:18:28 2023,0,af9344f4,1260877481590944512	,7,说很容易，做不做是另一个问题,说 很 ， 做 不 做 一个
1018.78000,1,25,16777215,Sun Feb 26 16:16:57 2023,0,af9344f4,1260876715996222720	,7,狂飙跟人民的名义比简直太过肤浅,狂飙 人民 名义 简直 太过 肤浅
1018.22000,1,25,16777215,Sun Feb 26 16:16:08 2023,0,af9344f4,1260876307370252288	,7,这是up的深度，并不是狂飙的深度,这是 up 深度 ， 狂飙 深度
963.18000,1,25,16777215,Sun Feb 26 16:14:37 2023,0,af9344f4,1260875540190053120	,7,想和做是两码事，说和做也是两码事,想 做 两码事 ， 说 做 两码事
383.81900,1,25,16777215,Sun Feb 26 15:28:05 2023,0,11da30bd,1260852120178290688	,7,杜江躺枪,杜江 躺 枪
1015.64600,1,25,16777215,Sun Feb 26 15:11:37 2023,0,d67e34a6,1260843834875984640	,7,这一段跟我想的太一样了,一段 想 太
1.08600,1,25,16777215,Sun Feb 26 14:22:40 2023,0,dbcfb0da,1260819191620227072	,7,大风将起 ，王猴拜象宁有种乎！,大风 ， 王猴 拜象宁 有种乎 ！
3.89000,1,25,16777215,Sun Feb 26 14:07:29 2023,0,65b143a4,1260811554564198656	,7,上一个是人民的名义,上 一个 人民 名义
30.08300,1,25,16777215,Sun Feb 26 13:50:33 2023,0,f413689c,1260803034414451968	,7,三体电视剧是越后面越好看，狂飙后面有点低走,三体 电视剧 越 越 好看 ， 狂飙 低 走
43.79400,1,25,16777215,Sun Feb 26 13:11:21 2023,0,eb055eeb,1260783304324798208	,7,《人民的灾难》,《 人民 灾难 》
